target_inter_id,target_inter_name,movement,entrance_dir8,entrance_eight_direction,turn_dir_no,exit_dir8,downstream_inter_id,downstream_inter_name,receiving_eight_direction,receiving_turn_dir_no,period,target_overflow_max_pm,target_overflow_mean_pm,target_overflow_max_all,target_sat_max_pm,target_green_util_max_pm,target_queue_max_m_pm,downstream_overflow_max_pm,downstream_sat_max_pm,screen_type,target_overflow_problem,target_sat_problem,target_high_demand,downstream_blocked,downstream_slack,has_downstream_dwd
011wwe0qwwm00001,玉函路与马鞍山路路口,南进口直行,4,5,2,0,011wwe0qxnw00001,顺河高架路与顺河高架路入口路口,5,2,evening_peak,0.5957,0.3047,1.4994,,,58.0,,,OTHER,False,False,False,,,False
011wwe0qywd00001,舜耕路与马鞍山路路口,北进口左转,0,1,1,2,011wwe0rn8400001,千佛山西路与马鞍山路路口,7,1,evening_peak,0.0,0.0,0.0536,,,,0.1605,,OTHER,False,False,False,False,True,True
011wwe0qywd00001,舜耕路与马鞍山路路口,南进口直行,4,5,2,0,011wwe0qzns00001,经十一路与舜耕路路口,5,2,evening_peak,0.1136,0.0633,0.1706,,,75.8,0.2258,,OTHER,False,False,False,False,True,True
011wwe0qywd00001,舜耕路与马鞍山路路口,西进口左转,6,7,1,0,011wwe0qzns00001,经十一路与舜耕路路口,5,1,evening_peak,0.0484,0.0162,0.0664,,,47.2,0.0623,,OTHER,False,False,False,False,True,True
011wwe0qywd00001,舜耕路与马鞍山路路口,西进口直行,6,7,2,2,011wwe0rn8400001,千佛山西路与马鞍山路路口,7,2,evening_peak,0.0525,0.018,0.0636,,,51.2,,,OTHER,False,False,False,,,False
011wwe0qzns00001,经十一路与舜耕路路口,北进口左转,0,1,1,2,011wwe0rp0h00001,千佛山西路与经十一路路口,7,1,evening_peak,0.0674,0.0079,0.0674,,,15.5,0.0248,,OTHER,False,False,False,False,True,True
011wwe0qzns00001,经十一路与舜耕路路口,北进口直行,0,1,2,4,011wwe0qywd00001,舜耕路与马鞍山路路口,1,2,evening_peak,0.1948,0.0724,1.0852,,,44.8,0.3727,,OTHER,False,False,False,False,True,True
011wwe0qzns00001,经十一路与舜耕路路口,东进口左转,2,3,1,4,011wwe0qywd00001,舜耕路与马鞍山路路口,1,1,evening_peak,0.6919,0.0168,0.6919,,,53.4,0.0,,WEAK_TYPE1,False,False,False,False,True,True
011wwe0qzns00001,经十一路与舜耕路路口,南进口直行,4,5,2,0,011wwe0qzwv00001,经十路与青年东路路口,5,2,evening_peak,0.2258,0.0818,0.2761,,,79.0,0.2099,,OTHER,False,False,False,False,True,True
011wwe0qzwv00001,经十路与青年东路路口,北进口左转,0,1,1,2,011wwe0rpsj00001,千佛山路与经十路路口,7,1,evening_peak,0.1703,0.0359,0.2156,,,132.2,0.0673,,OTHER,False,False,False,False,True,True
011wwe0qzwv00001,经十路与青年东路路口,南进口直行,4,5,2,0,011wwe0wbyy00001,文化西路与青年东路路口,5,2,evening_peak,0.2099,0.0947,0.3952,,,64.8,0.1027,,OTHER,False,False,False,False,True,True
011wwe0qzwv00001,经十路与青年东路路口,西进口左转,6,7,1,0,011wwe0wbyy00001,文化西路与青年东路路口,5,1,evening_peak,0.025,0.0078,0.0335,,,38.9,0.0608,,OTHER,False,False,False,False,True,True
011wwe0qzwv00001,经十路与青年东路路口,西进口直行,6,7,2,2,011wwe0rpsj00001,千佛山路与经十路路口,7,2,evening_peak,0.0984,0.0281,0.1354,,,153.2,0.0992,,OTHER,False,False,False,False,True,True
011wwe0rj1r00001,千佛山南路与千佛山西路路口,南进口直行,4,5,2,0,011wwe0rn8400001,千佛山西路与马鞍山路路口,5,2,evening_peak,0.0329,0.0019,0.6296,,,13.2,0.0503,,OTHER,False,False,False,False,True,True
011wwe0rn8400001,千佛山西路与马鞍山路路口,北进口直行,0,1,2,4,011wwe0rj1r00001,千佛山南路与千佛山西路路口,1,2,evening_peak,0.1284,0.0298,0.2171,,,44.0,0.0659,,OTHER,False,False,False,False,True,True
011wwe0rn8400001,千佛山西路与马鞍山路路口,南进口左转,4,5,1,6,011wwe0qywd00001,舜耕路与马鞍山路路口,3,1,evening_peak,0.037,0.0079,0.2255,,,31.8,0.2314,,OTHER,False,False,False,False,True,True
011wwe0rn8400001,千佛山西路与马鞍山路路口,南进口直行,4,5,2,0,011wwe0rp0h00001,千佛山西路与经十一路路口,5,2,evening_peak,0.0503,0.0178,0.0922,,,43.2,0.0,,OTHER,False,False,False,False,True,True
011wwe0rn8400001,千佛山西路与马鞍山路路口,西进口左转,6,7,1,0,011wwe0rp0h00001,千佛山西路与经十一路路口,5,1,evening_peak,0.1605,0.0412,0.5135,,,27.2,0.1179,,OTHER,False,False,False,False,True,True
011wwe0rp0h00001,千佛山西路与经十一路路口,东进口左转,2,3,1,4,011wwe0rn8400001,千佛山西路与马鞍山路路口,1,1,evening_peak,0.043,0.0049,0.0768,,,25.4,0.0292,,OTHER,False,False,False,False,True,True
011wwe0rpsj00001,千佛山路与经十路路口,北进口左转,0,1,1,2,011wwe0rpxt00001,千佛山东路与历山路路口,7,1,evening_peak,0.0613,0.005,0.0726,,,36.0,0.1104,,OTHER,False,False,False,False,True,True
011wwe0rpsj00001,千佛山路与经十路路口,西进口直行,6,7,2,2,011wwe0rpxt00001,千佛山东路与历山路路口,7,2,evening_peak,0.0992,0.0422,0.183,,,62.8,0.1468,,OTHER,False,False,False,False,True,True
011wwe0rrjm00001,山师东路与经十一路路口,南进口直行,4,5,2,0,011wwe0rrtm00001,山师东路与经十路路口,5,2,evening_peak,0.2647,0.0698,0.454,,,48.4,0.1441,,OTHER,False,False,False,False,True,True
011wwe0rrjm00001,山师东路与经十一路路口,西进口左转,6,7,1,0,011wwe0rrtm00001,山师东路与经十路路口,5,1,evening_peak,0.1033,0.0211,0.2566,,,62.4,0.1404,,OTHER,False,False,False,False,True,True
011wwe0rrtm00001,山师东路与经十路路口,北进口左转,0,1,1,2,011wwe0rx9j00001,岔口,7,1,evening_peak,0.3991,0.0571,0.3991,,,68.0,,,OTHER,False,False,False,,,False
011wwe0rrtm00001,山师东路与经十路路口,北进口直行,0,1,2,4,011wwe0rrjm00001,山师东路与经十一路路口,1,2,evening_peak,0.3181,0.0825,0.8816,,,54.2,0.2221,,WEAK_TYPE1,False,False,False,False,True,True
011wwe0rrtm00001,山师东路与经十路路口,东进口左转,2,3,1,4,011wwe0rrjm00001,山师东路与经十一路路口,1,1,evening_peak,0.0044,0.0001,0.0171,,,2.0,,,OTHER,False,False,False,,,False
011wwe0rrtm00001,山师东路与经十路路口,东进口直行,2,3,2,6,011wwe0rpxt00001,千佛山东路与历山路路口,3,2,evening_peak,0.1474,0.0511,0.171,,,67.4,0.2433,,OTHER,False,False,False,False,True,True
011wwe0rrtm00001,山师东路与经十路路口,南进口左转,4,5,1,6,011wwe0rpxt00001,千佛山东路与历山路路口,3,1,evening_peak,0.1404,0.0281,0.1707,,,42.1,0.0862,,OTHER,False,False,False,False,True,True
011wwe0rrtm00001,山师东路与经十路路口,南进口直行,4,5,2,0,011wwe0x2vd00001,山师东路与文化东路路口,5,2,evening_peak,0.1441,0.0524,0.3482,,,43.2,0.1161,,OTHER,False,False,False,False,True,True
011wwe0rrtm00001,山师东路与经十路路口,西进口左转,6,7,1,0,011wwe0x2vd00001,山师东路与文化东路路口,5,1,evening_peak,0.0242,0.001,0.064,,,8.0,0.0162,,OTHER,False,False,False,False,True,True
011wwe0rrtm00001,山师东路与经十路路口,西进口直行,6,7,2,2,011wwe0rx9j00001,岔口,7,2,evening_peak,0.4719,0.131,0.4719,,,156.2,,,OTHER,False,False,False,,,False
011wwe0rt8400001,千佛山东路与旅游路路口,西进口直行,6,7,2,2,011wwe0rt9s00001,旅游路与环山路路口,7,2,evening_peak,0.3848,0.072,0.3848,,,106.6,0.055,,WEAK_TYPE1,False,False,False,False,True,True
011wwe0rt9s00001,旅游路与环山路路口,东进口直行,2,3,2,6,011wwe0rt8400001,千佛山东路与旅游路路口,3,2,evening_peak,0.479,0.2196,1.0685,,,91.0,0.908,,WEAK_TYPE2,False,False,False,True,False,True
011wwe0rt9s00001,旅游路与环山路路口,西进口直行,6,7,2,2,011wwe0rvxj00001,二环东路出口与二环东路辅路路口,7,2,evening_peak,0.055,0.009,0.9203,,,9.8,,1.3304,OTHER,False,False,False,,,False
011wwe0rtfb00001,环山路与环山路路口,北进口左转,0,1,1,2,011wwe0rtv700001,燕子山西路与环山路路口,7,1,evening_peak,0.0508,0.0081,0.4831,,,10.2,0.0418,,OTHER,False,False,False,False,True,True
011wwe0rtfb00001,环山路与环山路路口,东进口直行,2,3,2,6,011wwe0rt9s00001,旅游路与环山路路口,3,2,evening_peak,0.1637,0.0308,0.1637,,,48.8,0.479,,OTHER,False,False,False,False,True,True
011wwe0rtfb00001,环山路与环山路路口,西进口左转,6,7,1,0,011wwe0rw4700001,燕翔路与环山路路口,5,1,evening_peak,0.3187,0.0886,0.8266,,,58.6,0.0348,,WEAK_TYPE1,False,False,False,False,True,True
011wwe0rtfb00001,环山路与环山路路口,西进口直行,6,7,2,2,011wwe0rtv700001,燕子山西路与环山路路口,7,2,evening_peak,0.3774,0.1543,0.4166,,,69.4,0.077,,WEAK_TYPE1,False,False,False,False,True,True
011wwe0rtv700001,燕子山西路与环山路路口,东进口直行,2,3,2,6,011wwe0rtfb00001,环山路与环山路路口,3,2,evening_peak,2.7581,0.0379,2.7581,,,241.0,0.1637,,TYPE1_POINT,True,False,False,False,True,True
011wwe0rvxj00001,二环东路出口与二环东路辅路路口,北进口左转,0,1,1,2,011wwe22jsg00001,旅游路与荆山东路路口,7,1,evening_peak,0.1923,0.0234,0.1923,3.189,3.189,58.2,0.0278,0.4809,TYPE1_POINT,False,True,True,False,True,True
011wwe0rvxj00001,二环东路出口与二环东路辅路路口,东进口直行,2,3,2,6,011wwe0rt9s00001,旅游路与环山路路口,3,2,evening_peak,0.3772,0.0474,0.4524,1.3299,1.3299,221.6,0.479,,TYPE1_POINT,False,True,True,False,True,True
011wwe0rvxj00001,二环东路出口与二环东路辅路路口,东南进口左转,3,4,1,5,011wwe0rfcm00001,搬倒井路与二环东路路口,2,1,evening_peak,0.3118,0.0439,0.3118,,,30.2,,,OTHER,False,False,False,,,False
011wwe0rw4700001,燕翔路与环山路路口,东进口左转,2,3,1,4,011wwe0rtfb00001,环山路与环山路路口,1,1,evening_peak,0.1039,0.0019,0.1039,,,37.6,0.0508,,OTHER,False,False,False,False,True,True
011wwe0rw4700001,燕翔路与环山路路口,南进口直行,4,5,2,0,011wwe0rx9v00001,环山路与经十路路口,5,2,evening_peak,0.1344,0.028,0.2608,,,27.0,0.0145,,OTHER,False,False,False,False,True,True
011wwe0rw4700001,燕翔路与环山路路口,西进口左转,6,7,1,0,011wwe0rx9v00001,环山路与经十路路口,5,1,evening_peak,0.0409,0.0047,0.3995,,,14.2,0.0311,,OTHER,False,False,False,False,True,True
011wwe0rx9v00001,环山路与经十路路口,北进口左转,0,1,1,2,011wwe0rxtm00001,山大路与燕子山西路路口,7,1,evening_peak,0.5187,0.0078,0.5187,,,182.0,0.1203,,WEAK_TYPE1,False,False,False,False,True,True
011wwe0rx9v00001,环山路与经十路路口,东进口直行,2,3,2,6,011wwe0rx9j00001,岔口,3,2,evening_peak,0.7023,0.2848,1.1418,,,74.8,,,OTHER,False,False,False,,,False
011wwe0rx9v00001,环山路与经十路路口,南进口左转,4,5,1,6,011wwe0rx9j00001,岔口,3,1,evening_peak,0.0311,0.0046,0.1545,,,30.0,,,OTHER,False,False,False,,,False
011wwe0rx9v00001,环山路与经十路路口,西进口直行,6,7,2,2,011wwe0rxtm00001,山大路与燕子山西路路口,7,2,evening_peak,0.7465,0.3,1.2071,,,44.4,0.1947,,WEAK_TYPE1,False,False,False,False,True,True
011wwe0rynv00001,二环东路与浆水泉西路路口,北进口直行,0,1,2,4,011wwe0rvxj00001,二环东路出口与二环东路辅路路口,1,2,evening_peak,0.2945,0.0735,0.2945,0.9351,0.9351,94.8,0.1368,2.1211,TYPE2_LINE,False,True,True,True,False,True
011wwe0ryww00001,二环东路与荆山路路口,南进口直行,4,5,2,0,011wwe0rznb00001,二环东路辅路与燕山东路路口,5,2,evening_peak,0.226,0.0579,0.2488,,,71.4,0.325,0.99,OTHER,False,False,False,True,False,True
011wwe0rznb00001,二环东路辅路与燕山东路路口,北进口直行,0,1,2,4,011wwe0ryww00001,二环东路与荆山路路口,1,2,evening_peak,0.2799,0.0174,0.2799,0.8219,0.8219,29.2,,,OTHER,False,False,False,,,False
011wwe0wbuw00001,文化西路与趵突泉南路路口,东进口直行,2,3,2,6,011wwe0wbbg00001,文化西路与银杏路路口,3,2,evening_peak,0.2233,0.0367,0.2233,,,61.0,,,OTHER,False,False,False,,,False
011wwe0wbuw00001,文化西路与趵突泉南路路口,西进口直行,6,7,2,2,011wwe0wbyy00001,文化西路与青年东路路口,7,2,evening_peak,0.3048,0.0471,0.702,,,49.4,0.2213,,WEAK_TYPE1,False,False,False,False,True,True
011wwe0wbyy00001,文化西路与青年东路路口,北进口左转,0,1,1,2,011wwe0wbzv00001,南圩门外街与文化西路路口,7,1,evening_peak,0.1645,0.0261,0.2489,,,19.5,0.2461,,OTHER,False,False,False,False,True,True
011wwe0wbyy00001,文化西路与青年东路路口,北进口直行,0,1,2,4,011wwe0qzwv00001,经十路与青年东路路口,1,2,evening_peak,0.5737,0.2784,0.675,,,68.0,0.091,,WEAK_TYPE1,False,False,False,False,True,True
011wwe0wbyy00001,文化西路与青年东路路口,东进口左转,2,3,1,4,011wwe0qzwv00001,经十路与青年东路路口,1,1,evening_peak,0.2836,0.069,0.4958,,,27.0,0.1703,,OTHER,False,False,False,False,True,True
011wwe0wbyy00001,文化西路与青年东路路口,东进口直行,2,3,2,6,011wwe0wbuw00001,文化西路与趵突泉南路路口,3,2,evening_peak,0.2363,0.0893,0.4076,,,22.5,0.2233,,OTHER,False,False,False,False,True,True
011wwe0wbyy00001,文化西路与青年东路路口,南进口左转,4,5,1,6,011wwe0wbuw00001,文化西路与趵突泉南路路口,3,1,evening_peak,0.0608,0.0123,0.1805,,,47.0,,,OTHER,False,False,False,,,False
011wwe0wbyy00001,文化西路与青年东路路口,南进口直行,4,5,2,0,011wwe0wcnv00001,三合街与泺文路路口,5,2,evening_peak,0.1027,0.0413,0.2736,,,79.4,1.1932,,OTHER,False,False,False,True,False,True
011wwe0wbyy00001,文化西路与青年东路路口,西进口左转,6,7,1,0,011wwe0wcnv00001,三合街与泺文路路口,5,1,evening_peak,0.2044,0.0224,0.2205,,,55.6,0.1004,,OTHER,False,False,False,False,True,True
011wwe0wbyy00001,文化西路与青年东路路口,西进口直行,6,7,2,2,011wwe0wbzv00001,南圩门外街与文化西路路口,7,2,evening_peak,0.2213,0.0666,0.5035,,,60.2,0.6462,,OTHER,False,False,False,False,True,True
011wwe0wbzv00001,南圩门外街与文化西路路口,北进口左转,0,1,1,2,011wwe0x0c100001,广胜街与文化西路路口,7,1,evening_peak,0.1468,0.0322,0.4141,,,30.7,,,OTHER,False,False,False,,,False
011wwe0wbzv00001,南圩门外街与文化西路路口,东进口直行,2,3,2,6,011wwe0wbyy00001,文化西路与青年东路路口,3,2,evening_peak,0.592,0.1533,0.6128,,,74.0,0.2363,,WEAK_TYPE1,False,False,False,False,True,True
011wwe0wbzv00001,南圩门外街与文化西路路口,西进口直行,6,7,2,2,011wwe0x0c100001,广胜街与文化西路路口,7,2,evening_peak,0.6462,0.1311,1.0442,,,60.4,,,OTHER,False,False,False,,,False
011wwe0wcdr00001,泺源大街与趵突泉南路路口,东南进口直行,3,4,2,7,011wwe0wf1t00001,趵突泉北路与趵突泉南路路口,4,2,evening_peak,1.0915,0.0896,1.0915,,,133.4,,,UNKNOWN_DOWNSTREAM,True,False,False,,,False
011wwe0wcdr00001,泺源大街与趵突泉南路路口,西进口直行,6,7,2,2,011wwe0wcyg00001,泺文路与泺源大街路口,7,2,evening_peak,0.2339,0.0923,0.6668,,,43.4,0.2554,,OTHER,False,False,False,False,True,True
011wwe0wcnv00001,三合街与泺文路路口,北进口直行,0,1,2,4,011wwe0wbyy00001,文化西路与青年东路路口,1,2,evening_peak,0.2395,0.0134,0.2395,,,95.8,0.5737,,OTHER,False,False,False,False,True,True
011wwe0wcyg00001,泺文路与泺源大街路口,东进口左转,2,3,1,4,011wwe0wcnv00001,三合街与泺文路路口,1,1,evening_peak,0.2189,0.0498,0.2313,,,37.3,0.0,,OTHER,False,False,False,False,True,True
011wwe0wcyg00001,泺文路与泺源大街路口,西进口直行,6,7,2,2,011wwe0x1b600001,南门大街与泺源大街路口,7,2,evening_peak,0.2554,0.0984,0.3993,,,48.1,0.2103,,OTHER,False,False,False,False,True,True
011wwe0wf1t00001,趵突泉北路与趵突泉南路路口,西北进口直行,7,8,2,3,011wwe0wcdr00001,泺源大街与趵突泉南路路口,8,2,evening_peak,0.3547,0.1407,0.4105,,,75.0,0.1764,,WEAK_TYPE1,False,False,False,False,True,True
011wwe0wf2z00001,共青团路与趵突泉北路路口,东进口直行,2,3,2,6,011wwe0wdmz00001,共青团路与普利街路口,3,2,evening_peak,0.1256,0.0012,0.1377,,,49.8,,,OTHER,False,False,False,,,False
011wwe0wf2z00001,共青团路与趵突泉北路路口,西进口左转,6,7,1,0,011wwe0wg0s00001,周公祠街与趵突泉北路路口,5,1,evening_peak,0.1033,0.0355,0.1552,,,38.8,0.3411,,OTHER,False,False,False,False,True,True
011wwe0wf2z00001,共青团路与趵突泉北路路口,西进口直行,6,7,2,2,011wwe0wfs500001,榜棚街与泉城路路口,7,2,evening_peak,0.1395,0.0156,0.3939,,,52.4,,,OTHER,False,False,False,,,False
011wwe0wfhn00001,榜棚街与黑虎泉西路路口,北进口左转,0,1,1,2,011wwe0x42000001,南门大街与天地坛街路口,7,1,evening_peak,0.5194,0.1292,0.7117,,,108.0,,,OTHER,False,False,False,,,False
011wwe0wfhn00001,榜棚街与黑虎泉西路路口,西进口直行,6,7,2,2,011wwe0x42000001,南门大街与天地坛街路口,7,2,evening_peak,0.5329,0.1318,0.5329,,,170.8,0.2875,,WEAK_TYPE1,False,False,False,False,True,True
011wwe0wfs500001,榜棚街与泉城路路口,北进口直行,0,1,2,4,011wwe0wfhn00001,榜棚街与黑虎泉西路路口,1,2,evening_peak,0.2709,0.0303,0.2709,,,91.8,0.2885,,OTHER,False,False,False,False,True,True
011wwe0wfs500001,榜棚街与泉城路路口,东进口左转,2,3,1,4,011wwe0wfhn00001,榜棚街与黑虎泉西路路口,1,1,evening_peak,0.1822,0.003,0.289,,,83.6,0.5194,,OTHER,False,False,False,False,True,True
011wwe0wfs500001,榜棚街与泉城路路口,东进口直行,2,3,2,6,011wwe0wf2z00001,共青团路与趵突泉北路路口,3,2,evening_peak,0.1537,0.0059,0.3805,,,70.5,0.1256,,OTHER,False,False,False,False,True,True
011wwe0wfxy00001,天地坛街与泉城路路口,北进口左转,0,1,1,2,011wwe0x4c200001,县西巷与泉城路路口,7,1,evening_peak,0.0939,0.0029,0.2325,,,8.0,,,OTHER,False,False,False,,,False
011wwe0wfxy00001,天地坛街与泉城路路口,北进口直行,0,1,2,4,011wwe0x42000001,南门大街与天地坛街路口,1,2,evening_peak,0.6153,0.0757,0.62,,,52.4,0.3148,,WEAK_TYPE1,False,False,False,False,True,True
011wwe0wfxy00001,天地坛街与泉城路路口,东进口左转,2,3,1,4,011wwe0x42000001,南门大街与天地坛街路口,1,1,evening_peak,0.198,0.0021,0.198,,,38.6,0.1305,,OTHER,False,False,False,False,True,True
011wwe0wfxy00001,天地坛街与泉城路路口,东进口直行,2,3,2,6,011wwe0wfs500001,榜棚街与泉城路路口,3,2,evening_peak,0.6494,0.0123,1.0915,,,126.6,0.1537,,WEAK_TYPE1,False,False,False,False,True,True
011wwe0wfxy00001,天地坛街与泉城路路口,南进口左转,4,5,1,6,011wwe0wfs500001,榜棚街与泉城路路口,3,1,evening_peak,0.4362,0.0115,0.4362,,,40.1,0.1822,,WEAK_TYPE1,False,False,False,False,True,True
011wwe0wfxy00001,天地坛街与泉城路路口,西进口直行,6,7,2,2,011wwe0x4c200001,县西巷与泉城路路口,7,2,evening_peak,0.122,0.001,0.122,,,56.0,,,OTHER,False,False,False,,,False
011wwe0wg0s00001,周公祠街与趵突泉北路路口,北进口直行,0,1,2,4,011wwe0wf2z00001,共青团路与趵突泉北路路口,1,2,evening_peak,0.4359,0.1023,0.7818,,,86.2,,,OTHER,False,False,False,,,False
011wwe0wg0s00001,周公祠街与趵突泉北路路口,南进口直行,4,5,2,0,011wwe0wgbs00001,大明湖路与趵突泉北路路口,5,2,evening_peak,0.245,0.0598,0.7885,,,97.2,,,OTHER,False,False,False,,,False
011wwe0wg0s00001,周公祠街与趵突泉北路路口,西进口左转,6,7,1,0,011wwe0wgbs00001,大明湖路与趵突泉北路路口,5,1,evening_peak,0.3388,0.0225,0.3388,,,110.4,0.2483,,WEAK_TYPE1,False,False,False,False,True,True
011wwe0wgyj00001,大明湖路与曲水亭街路口,西进口直行,6,7,2,2,011wwe0xh1000001,县西巷与大明湖路路口,7,2,evening_peak,0.4362,0.1631,0.8724,,,76.4,,,OTHER,False,False,False,,,False
011wwe0x0c100001,广胜街与文化西路路口,北进口左转,0,1,1,2,011wwe0x0dg00001,佛山街与千佛山路路口,7,1,evening_peak,0.027,0.0012,0.1511,,,7.0,0.1945,,OTHER,False,False,False,False,True,True
011wwe0x0dg00001,佛山街与千佛山路路口,北进口左转,0,1,1,2,011wwe0x0v200001,文化西路与棋盘街路口,7,1,evening_peak,0.0578,0.0022,0.1082,,,41.2,,,OTHER,False,False,False,,,False
011wwe0x0dg00001,佛山街与千佛山路路口,北进口直行,0,1,2,4,011wwe0rpsj00001,千佛山路与经十路路口,1,2,evening_peak,0.0763,0.0097,0.1492,,,54.4,0.0436,,OTHER,False,False,False,False,True,True
011wwe0x0dg00001,佛山街与千佛山路路口,东进口左转,2,3,1,4,011wwe0rpsj00001,千佛山路与经十路路口,1,1,evening_peak,0.3612,0.0261,0.3612,,,113.8,0.0613,,WEAK_TYPE1,False,False,False,False,True,True
011wwe0x0dg00001,佛山街与千佛山路路口,西进口直行,6,7,2,2,011wwe0x0v200001,文化西路与棋盘街路口,7,2,evening_peak,0.1785,0.025,0.4826,,,44.8,,,OTHER,False,False,False,,,False
011wwe0x0v200001,文化西路与棋盘街路口,北进口左转,0,1,1,2,011wwe0x2b600001,历山路与文化东路路口,7,1,evening_peak,0.198,0.0098,0.5755,,,47.4,,,OTHER,False,False,False,,,False
011wwe0x1b600001,南门大街与泺源大街路口,北进口左转,0,1,1,2,011wwe0x1y400001,太平街与泺源大街路口,7,1,evening_peak,0.0551,0.022,0.0823,,,14.6,0.191,,OTHER,False,False,False,False,True,True
011wwe0x1b600001,南门大街与泺源大街路口,东进口直行,2,3,2,6,011wwe0wcyg00001,泺文路与泺源大街路口,3,2,evening_peak,0.509,0.1026,0.509,,,92.2,0.1808,,WEAK_TYPE1,False,False,False,False,True,True
011wwe0x1b600001,南门大街与泺源大街路口,南进口左转,4,5,1,6,011wwe0wcyg00001,泺文路与泺源大街路口,3,1,evening_peak,0.0035,0.0,0.2372,,,1.2,0.2189,,OTHER,False,False,False,False,True,True
011wwe0x1b600001,南门大街与泺源大街路口,南进口直行,4,5,2,0,011wwe0x42b00001,南门大街与舜井街路口,5,2,evening_peak,0.2584,0.068,0.5912,,,87.6,,,OTHER,False,False,False,,,False
011wwe0x1b600001,南门大街与泺源大街路口,西进口左转,6,7,1,0,011wwe0x42b00001,南门大街与舜井街路口,5,1,evening_peak,0.3176,0.086,0.443,,,54.2,,,OTHER,False,False,False,,,False
011wwe0x1b600001,南门大街与泺源大街路口,西进口直行,6,7,2,2,011wwe0x1y400001,太平街与泺源大街路口,7,2,evening_peak,0.2103,0.0548,0.4189,,,35.9,0.3118,,OTHER,False,False,False,False,True,True
011wwe0x1y400001,太平街与泺源大街路口,北进口左转,0,1,1,2,011wwe0x3c500001,泺源大街辅路与历山路路口,7,1,evening_peak,0.3018,0.0281,0.88,,,41.5,0.143,,WEAK_TYPE1,False,False,False,False,True,True
011wwe0x1y400001,太平街与泺源大街路口,东进口直行,2,3,2,6,011wwe0x1b600001,南门大街与泺源大街路口,3,2,evening_peak,0.2093,0.093,0.5978,,,36.8,0.509,,OTHER,False,False,False,False,True,True
011wwe0x1y400001,太平街与泺源大街路口,西进口直行,6,7,2,2,011wwe0x3c500001,泺源大街辅路与历山路路口,7,2,evening_peak,0.3118,0.0843,0.5125,,,61.2,0.783,,WEAK_TYPE1,False,False,False,False,True,True
011wwe0x2g600001,山师北街与文化东路路口,北进口左转,0,1,1,2,011wwe0x2vd00001,山师东路与文化东路路口,7,1,evening_peak,0.0671,0.0029,0.1978,,,42.6,0.1135,,OTHER,False,False,False,False,True,True
011wwe0x2g600001,山师北街与文化东路路口,西进口直行,6,7,2,2,011wwe0x2vd00001,山师东路与文化东路路口,7,2,evening_peak,0.6054,0.0917,0.6054,,,208.8,0.2585,,WEAK_TYPE1,False,False,False,False,True,True
011wwe0x2vd00001,山师东路与文化东路路口,南进口直行,4,5,2,0,011wwe0x3vt00001,和平路与山师东路路口,5,2,evening_peak,0.1161,0.0122,0.1879,,,79.6,0.0169,,OTHER,False,False,False,False,True,True
011wwe0x2vd00001,山师东路与文化东路路口,西进口左转,6,7,1,0,011wwe0x3vt00001,和平路与山师东路路口,5,1,evening_peak,0.1135,0.0109,0.2096,,,30.2,0.1065,,OTHER,False,False,False,False,True,True
011wwe0x3c500001,泺源大街辅路与历山路路口,东进口左转,2,3,1,4,011wwe0x2b600001,历山路与文化东路路口,1,1,evening_peak,0.0939,0.0249,0.1472,,,20.8,,,OTHER,False,False,False,,,False
011wwe0x3c500001,泺源大街辅路与历山路路口,东进口直行,2,3,2,6,011wwe0x1y400001,太平街与泺源大街路口,3,2,evening_peak,0.2236,0.0804,0.2236,,,49.5,0.2093,,OTHER,False,False,False,False,True,True
011wwe0x3c500001,泺源大街辅路与历山路路口,西进口直行,6,7,2,2,011wwe0x3gh00001,和平路与山师北街路口,7,2,evening_peak,0.783,0.1377,1.2205,,,139.6,0.265,,WEAK_TYPE1,False,False,False,False,True,True
011wwe0x3gh00001,和平路与山师北街路口,东进口直行,2,3,2,6,011wwe0x3c500001,泺源大街辅路与历山路路口,3,2,evening_peak,0.2321,0.0836,0.5088,,,69.8,0.2236,,OTHER,False,False,False,False,True,True
011wwe0x3gh00001,和平路与山师北街路口,南进口左转,4,5,1,6,011wwe0x3c500001,泺源大街辅路与历山路路口,3,1,evening_peak,0.0107,0.0009,0.3226,,,6.8,0.0939,,OTHER,False,False,False,False,True,True
011wwe0x3gh00001,和平路与山师北街路口,西进口直行,6,7,2,2,011wwe0x3vt00001,和平路与山师东路路口,7,2,evening_peak,0.265,0.0475,0.522,,,59.8,0.3637,,OTHER,False,False,False,False,True,True
011wwe0x3vt00001,和平路与山师东路路口,南进口左转,4,5,1,6,011wwe0x3gh00001,和平路与山师北街路口,3,1,evening_peak,0.1065,0.021,0.1727,,,69.2,,,OTHER,False,False,False,,,False
011wwe0x3vt00001,和平路与山师东路路口,西进口直行,6,7,2,2,011wwe0x9cq00001,历山东路与和平路路口,7,2,evening_peak,0.3637,0.0962,0.4189,,,109.4,0.3437,,WEAK_TYPE1,False,False,False,False,True,True
011wwe0x42000001,南门大街与天地坛街路口,北进口左转,0,1,1,2,011wwe0x42b00001,南门大街与舜井街路口,7,1,evening_peak,0.1305,0.0093,0.2544,,,32.0,0.3291,,OTHER,False,False,False,False,True,True
011wwe0x42000001,南门大街与天地坛街路口,北进口直行,0,1,2,4,011wwe0x1b600001,南门大街与泺源大街路口,1,2,evening_peak,0.3148,0.0688,0.4664,,,77.2,0.1367,,WEAK_TYPE1,False,False,False,False,True,True
011wwe0x42000001,南门大街与天地坛街路口,西进口直行,6,7,2,2,011wwe0x42b00001,南门大街与舜井街路口,7,2,evening_peak,0.2875,0.0777,0.4195,,,139.8,0.5475,,OTHER,False,False,False,False,True,True
011wwe0x42b00001,南门大街与舜井街路口,西进口直行,6,7,2,2,011wwe0x4kg00001,黑虎泉北路与黑虎泉西路路口,7,2,evening_peak,0.5475,0.0671,1.2,,,38.6,,,OTHER,False,False,False,,,False
011wwe0x4c200001,县西巷与泉城路路口,北进口左转,0,1,1,2,011wwe0x4v700001,泉城路与解放路路口,7,1,evening_peak,0.1008,0.0131,0.1401,,,92.2,,,OTHER,False,False,False,,,False
011wwe0x4c200001,县西巷与泉城路路口,南进口左转,4,5,1,6,011wwe0wfxy00001,天地坛街与泉城路路口,3,1,evening_peak,0.022,0.0004,0.022,,,22.0,0.198,,OTHER,False,False,False,False,True,True
011wwe0x4v700001,泉城路与解放路路口,东进口直行,2,3,2,6,011wwe0x4c200001,县西巷与泉城路路口,3,2,evening_peak,0.1865,0.0931,0.2191,,,72.0,,,OTHER,False,False,False,,,False
011wwe0x4v700001,泉城路与解放路路口,南进口左转,4,5,1,6,011wwe0x4c200001,县西巷与泉城路路口,3,1,evening_peak,0.336,0.1395,0.467,,,74.4,,,OTHER,False,False,False,,,False
011wwe0x5yz00001,山大南路与黑虎泉北路路口,南进口直行,4,5,2,0,011wwe0xhr600001,东关大街与大明湖路路口,5,2,evening_peak,0.1238,0.0418,0.1454,,,60.8,0.3782,,OTHER,False,False,False,False,True,True
011wwe0x6be00001,七家村路与解放路路口,西进口直行,6,7,2,2,011wwe0x6gm00001,历山路与解放路路口,7,2,evening_peak,0.2298,0.1037,0.6038,,,65.6,,,OTHER,False,False,False,,,False
011wwe0x7vy00001,历山路与山大南路路口,北进口左转,0,1,1,2,011wwe0xebm00001,历山东路与山大南路路口,7,1,evening_peak,0.4914,0.1146,0.4914,,,49.0,0.0499,,WEAK_TYPE1,False,False,False,False,True,True
011wwe0x8f400001,文化东路与羊头峪东沟街路口,北进口左转,0,1,1,2,011wwe0x8v600001,山大路与文化东路路口,7,1,evening_peak,0.0308,0.002,0.046,,,22.0,,,OTHER,False,False,False,,,False
011wwe0x8f400001,文化东路与羊头峪东沟街路口,西进口直行,6,7,2,2,011wwe0x8v600001,山大路与文化东路路口,7,2,evening_peak,0.3502,0.0394,0.3595,,,151.0,,,OTHER,False,False,False,,,False
011wwe0x9cq00001,历山东路与和平路路口,北进口左转,0,1,1,2,011wwe0x9gw00001,和平路与和平路路口,7,1,evening_peak,0.1044,0.0109,0.3723,,,58.0,,,OTHER,False,False,False,,,False
011wwe0x9cq00001,历山东路与和平路路口,西进口直行,6,7,2,2,011wwe0x9gw00001,和平路与和平路路口,7,2,evening_peak,0.3437,0.0292,0.3702,,,160.8,0.2615,,WEAK_TYPE1,False,False,False,False,True,True
011wwe0x9gw00001,和平路与和平路路口,西进口直行,6,7,2,2,011wwe0x9vq00001,和平路与山大路路口,7,2,evening_peak,0.2615,0.0097,0.3659,,,70.6,0.2711,,OTHER,False,False,False,False,True,True
011wwe0x9gw00002,和平路与和平路路口,东进口直行,2,3,2,6,011wwe0x9cq00001,历山东路与和平路路口,3,2,evening_peak,0.2243,0.0301,0.3835,,,51.0,0.1841,,OTHER,False,False,False,False,True,True
011wwe0x9vq00001,和平路与山大路路口,北进口左转,0,1,1,2,011wwe0xcbw00001,和平路与燕子山小区中路路口,7,1,evening_peak,0.1803,0.0322,0.2547,,,45.3,0.004,,OTHER,False,False,False,False,True,True
011wwe0x9vq00001,和平路与山大路路口,东进口直行,2,3,2,6,011wwe0x9gw00002,和平路与和平路路口,3,2,evening_peak,0.2547,0.076,0.4646,,,89.8,0.2243,,OTHER,False,False,False,False,True,True
011wwe0x9vq00001,和平路与山大路路口,南进口左转,4,5,1,6,011wwe0x9gw00002,和平路与和平路路口,3,1,evening_peak,0.1608,0.0287,0.2884,,,54.2,,,OTHER,False,False,False,,,False
011wwe0x9vq00001,和平路与山大路路口,南进口直行,4,5,2,0,011wwe0xdvs00001,山大路与解放路路口,5,2,evening_peak,0.1561,0.0547,0.3919,,,52.6,,,OTHER,False,False,False,,,False
011wwe0x9vq00001,和平路与山大路路口,西进口左转,6,7,1,0,011wwe0xdvs00001,山大路与解放路路口,5,1,evening_peak,0.0566,0.0112,0.1899,,,13.1,,,OTHER,False,False,False,,,False
011wwe0x9vq00001,和平路与山大路路口,西进口直行,6,7,2,2,011wwe0xcbw00001,和平路与燕子山小区中路路口,7,2,evening_peak,0.2711,0.1351,0.2711,,,62.8,0.1169,,OTHER,False,False,False,False,True,True
011wwe0xbc600001,冶金宾馆路与文化东路路口,北进口左转,0,1,1,2,011wwe0xbgf00001,文化东路与燕子山路路口,7,1,evening_peak,0.0532,0.0016,0.1549,,,18.4,0.0841,,OTHER,False,False,False,False,True,True
011wwe0xbgf00001,文化东路与燕子山路路口,北进口左转,0,1,1,2,011wwe0xby100001,文化东路与祥瑞路路口,7,1,evening_peak,0.1633,0.022,0.176,,,56.8,0.0,,OTHER,False,False,False,False,True,True
011wwe0xbgf00001,文化东路与燕子山路路口,北进口直行,0,1,2,4,011wwe0xb5g00001,燕子山路与经十路路口,1,2,evening_peak,0.0989,0.0194,0.0989,,,34.4,,,OTHER,False,False,False,,,False
011wwe0xbgf00001,文化东路与燕子山路路口,东进口左转,2,3,1,4,011wwe0xb5g00001,燕子山路与经十路路口,1,1,evening_peak,0.0802,0.0053,0.1306,,,21.0,,,OTHER,False,False,False,,,False
011wwe0xbgf00001,文化东路与燕子山路路口,南进口直行,4,5,2,0,011wwe0xc7u00001,燕子山小区南路与燕子山路路口,5,2,evening_peak,0.1755,0.0318,0.2014,,,74.6,0.1375,,OTHER,False,False,False,False,True,True
011wwe0xbgf00001,文化东路与燕子山路路口,西进口左转,6,7,1,0,011wwe0xc7u00001,燕子山小区南路与燕子山路路口,5,1,evening_peak,0.0841,0.0162,0.1468,,,25.2,0.0472,,OTHER,False,False,False,False,True,True
011wwe0xbgf00001,文化东路与燕子山路路口,西进口直行,6,7,2,2,011wwe0xby100001,文化东路与祥瑞路路口,7,2,evening_peak,0.2355,0.093,0.3842,,,70.6,0.3336,,OTHER,False,False,False,False,True,True
011wwe0xby100001,文化东路与祥瑞路路口,南进口左转,4,5,1,6,011wwe0xbgf00001,文化东路与燕子山路路口,3,1,evening_peak,0.0595,0.0037,0.3398,,,9.8,0.0802,,OTHER,False,False,False,False,True,True
011wwe0xby100001,文化东路与祥瑞路路口,西进口直行,6,7,2,2,011wwe0xby600001,吉祥苑商业街与文化东路路口,7,2,evening_peak,0.3336,0.0329,0.6096,,,88.0,,,OTHER,False,False,False,,,False
011wwe0xby600001,吉祥苑商业街与文化东路路口,北进口左转,0,1,1,2,011wwe280bc00001,二环东路辅路与文化东路路口,7,1,evening_peak,0.0734,0.0032,0.2349,,,26.0,,,OTHER,False,False,False,,,False
011wwe0xby600001,吉祥苑商业街与文化东路路口,东进口直行,2,3,2,6,011wwe0xby100001,文化东路与祥瑞路路口,3,2,evening_peak,0.9598,0.0873,0.9702,,,111.4,,,UNKNOWN_DOWNSTREAM,True,False,False,,,False
011wwe0xc7u00001,燕子山小区南路与燕子山路路口,北进口直行,0,1,2,4,011wwe0xbgf00001,文化东路与燕子山路路口,1,2,evening_peak,0.2886,0.0563,0.6096,,,50.0,0.0989,,OTHER,False,False,False,False,True,True
011wwe0xc7u00001,燕子山小区南路与燕子山路路口,东进口左转,2,3,1,4,011wwe0xbgf00001,文化东路与燕子山路路口,1,1,evening_peak,0.1381,0.0116,0.52,,,10.2,0.1633,,OTHER,False,False,False,False,True,True
011wwe0xcbw00001,和平路与燕子山小区中路路口,东进口直行,2,3,2,6,011wwe0x9vq00001,和平路与山大路路口,3,2,evening_peak,0.1503,0.0158,0.3631,,,31.8,0.2547,,OTHER,False,False,False,False,True,True
011wwe0xcbw00001,和平路与燕子山小区中路路口,南进口左转,4,5,1,6,011wwe0x9vq00001,和平路与山大路路口,3,1,evening_peak,0.0984,0.0064,0.4071,,,17.6,0.2085,,OTHER,False,False,False,False,True,True
011wwe0xcbw00001,和平路与燕子山小区中路路口,西进口直行,6,7,2,2,011wwe0xcfq00001,和平路与燕子山小区东路路口,7,2,evening_peak,0.1169,0.0311,0.3075,,,41.2,0.1701,,OTHER,False,False,False,False,True,True
011wwe0xcfq00001,和平路与燕子山小区东路路口,西进口直行,6,7,2,2,011wwe0xcun00001,和平路与燕子山路路口,7,2,evening_peak,0.1701,0.0437,0.5419,,,35.4,0.3422,,OTHER,False,False,False,False,True,True
011wwe0xcfq00002,和平路与燕子山小区东路路口,东进口直行,2,3,2,6,011wwe0xcbw00001,和平路与燕子山小区中路路口,3,2,evening_peak,0.1721,0.0318,0.8128,,,34.0,0.1503,,OTHER,False,False,False,False,True,True
011wwe0xcun00001,和平路与燕子山路路口,东进口直行,2,3,2,6,011wwe0xcfq00002,和平路与燕子山小区东路路口,3,2,evening_peak,0.1091,0.041,0.3338,,,59.0,0.1721,,OTHER,False,False,False,False,True,True
011wwe0xcun00001,和平路与燕子山路路口,南进口左转,4,5,1,6,011wwe0xcfq00002,和平路与燕子山小区东路路口,3,1,evening_peak,0.1815,0.0279,0.1996,,,28.0,,,OTHER,False,False,False,,,False
011wwe0xcun00001,和平路与燕子山路路口,南进口直行,4,5,2,0,011wwe0xfuh00001,燕子山路与解放路路口,5,2,evening_peak,0.306,0.0513,0.4421,,,47.2,0.0956,,WEAK_TYPE1,False,False,False,False,True,True
011wwe0xcun00001,和平路与燕子山路路口,西进口左转,6,7,1,0,011wwe0xfuh00001,燕子山路与解放路路口,5,1,evening_peak,0.0784,0.0094,0.2536,,,15.3,0.0784,,OTHER,False,False,False,False,True,True
011wwe0xcun00001,和平路与燕子山路路口,西进口直行,6,7,2,2,011wwe281bq00001,和平路与甸新东路路口,7,2,evening_peak,0.3422,0.1162,0.4447,,,66.8,0.1086,1.587,WEAK_TYPE2,False,False,False,True,False,True
011wwe0xdbv00001,历山东路与解放路路口,北进口左转,0,1,1,2,011wwe0xdvs00001,山大路与解放路路口,7,1,evening_peak,0.2157,0.0352,0.8284,,,39.0,,,OTHER,False,False,False,,,False
011wwe0xdbv00001,历山东路与解放路路口,北进口直行,0,1,2,4,011wwe0x9cq00001,历山东路与和平路路口,1,2,evening_peak,0.0852,0.0147,0.4313,,,15.4,,,OTHER,False,False,False,,,False
011wwe0xdbv00001,历山东路与解放路路口,东进口左转,2,3,1,4,011wwe0x9cq00001,历山东路与和平路路口,1,1,evening_peak,0.1093,0.0083,0.1093,,,61.2,0.1044,,OTHER,False,False,False,False,True,True
011wwe0xdbv00001,历山东路与解放路路口,东进口直行,2,3,2,6,011wwe0x6gm00001,历山路与解放路路口,3,2,evening_peak,0.1533,0.0663,0.2247,,,85.8,,,OTHER,False,False,False,,,False
011wwe0xdbv00001,历山东路与解放路路口,南进口左转,4,5,1,6,011wwe0x6gm00001,历山路与解放路路口,3,1,evening_peak,0.0343,0.0034,0.251,,,13.6,,,OTHER,False,False,False,,,False
011wwe0xdbv00001,历山东路与解放路路口,南进口直行,4,5,2,0,011wwe0xebm00001,历山东路与山大南路路口,5,2,evening_peak,0.1,0.0068,0.1263,,,39.6,,,OTHER,False,False,False,,,False
011wwe0xebm00001,历山东路与山大南路路口,东进口直行,2,3,2,6,011wwe0x7vy00001,历山路与山大南路路口,3,2,evening_peak,0.1701,0.0207,0.5076,,,65.4,0.08,,OTHER,False,False,False,False,True,True
011wwe0xebm00001,历山东路与山大南路路口,南进口左转,4,5,1,6,011wwe0x7vy00001,历山路与山大南路路口,3,1,evening_peak,0.0377,0.0062,0.1435,,,22.7,0.0969,,OTHER,False,False,False,False,True,True
011wwe0xebm00001,历山东路与山大南路路口,西进口直行,6,7,2,2,011wwe0xevt00001,山大南路与山大路路口,7,2,evening_peak,0.1011,0.0259,0.3147,,,31.6,,,OTHER,False,False,False,,,False
011wwe0xet800001,山大路与建筑新村南路路口,北进口直行,0,1,2,4,011wwe0xdvs00001,山大路与解放路路口,1,2,evening_peak,0.8399,0.132,0.8399,,,118.0,,,UNKNOWN_DOWNSTREAM,True,False,False,,,False
011wwe0xet800001,山大路与建筑新村南路路口,东进口左转,2,3,1,4,011wwe0xdvs00001,山大路与解放路路口,1,1,evening_peak,0.3243,0.0461,0.5765,,,25.2,,,OTHER,False,False,False,,,False
011wwe0xet800001,山大路与建筑新村南路路口,西进口左转,6,7,1,0,011wwe0xevt00001,山大南路与山大路路口,5,1,evening_peak,0.0735,0.0042,0.1686,,,43.6,,,OTHER,False,False,False,,,False
011wwe0xfbk00001,解放路与解放路路口,西进口直行,6,7,2,2,011wwe0xffh00002,燕子山小区东路与解放路路口,7,2,evening_peak,0.1445,0.0161,0.3453,,,49.2,,,OTHER,False,False,False,,,False
011wwe0xfbk00002,解放路辅路与解放路辅路路口,西进口直行,6,7,2,2,011wwe0xffh00001,解放路辅路与解放路辅路路口,7,2,evening_peak,0.6693,0.062,0.6693,,,161.8,0.2938,,WEAK_TYPE1,False,False,False,False,True,True
011wwe0xfbm00001,解放路与解放路路口,东进口直行,2,3,2,6,011wwe0xdvs00001,山大路与解放路路口,3,2,evening_peak,0.2107,0.0284,0.2694,,,48.8,,,OTHER,False,False,False,,,False
011wwe0xffj00001,燕子山小区东路与解放路路口,东进口直行,2,3,2,6,011wwe0xfbm00001,解放路与解放路路口,3,2,evening_peak,0.1458,0.0188,0.4046,,,32.8,0.2107,,OTHER,False,False,False,False,True,True
011wwe0xffj00002,燕子山小区东路与解放路路口,东进口直行,2,3,2,6,011wwe0xfbm00002,解放路辅路与解放路辅路路口,3,2,evening_peak,0.2595,0.0214,0.9637,,,30.8,0.1225,,OTHER,False,False,False,False,True,True
011wwe0xfuh00001,燕子山路与解放路路口,北进口左转,0,1,1,2,011wwe284bk00001,甸新东路与解放路路口,7,1,evening_peak,0.1266,0.008,0.1266,,,34.6,,,OTHER,False,False,False,,,False
011wwe0xfuh00001,燕子山路与解放路路口,东进口直行,2,3,2,6,011wwe0xffj00001,燕子山小区东路与解放路路口,3,2,evening_peak,0.1784,0.0654,0.236,,,94.2,0.1458,,OTHER,False,False,False,False,True,True
011wwe0xfuh00001,燕子山路与解放路路口,南进口左转,4,5,1,6,011wwe0xffj00001,燕子山小区东路与解放路路口,3,1,evening_peak,0.0784,0.0122,0.2972,,,43.8,,,OTHER,False,False,False,,,False
011wwe0xfuh00001,燕子山路与解放路路口,南进口直行,4,5,2,0,011wwe0xgkh00001,益寿路与闵子骞路路口,5,2,evening_peak,0.0956,0.0204,0.1726,,,53.4,0.1851,,OTHER,False,False,False,False,True,True
011wwe0xgkh00001,益寿路与闵子骞路路口,北进口直行,0,1,2,4,011wwe0xfuh00001,燕子山路与解放路路口,1,2,evening_peak,0.3927,0.0611,0.3927,,,127.4,0.1676,,WEAK_TYPE1,False,False,False,False,True,True
011wwe0xgkh00001,益寿路与闵子骞路路口,东进口左转,2,3,1,4,011wwe0xfuh00001,燕子山路与解放路路口,1,1,evening_peak,0.0136,0.0005,0.046,,,4.9,0.1266,,OTHER,False,False,False,False,True,True
011wwe0xgkh00001,益寿路与闵子骞路路口,南进口直行,4,5,2,0,011wwe0xguj00001,山大南路与闵子骞路路口,5,2,evening_peak,0.1851,0.0464,0.2181,,,50.6,,,OTHER,False,False,False,,,False
011wwe0xgkh00001,益寿路与闵子骞路路口,西进口左转,6,7,1,0,011wwe0xguj00001,山大南路与闵子骞路路口,5,1,evening_peak,0.1145,0.0091,0.4755,,,26.2,,,OTHER,False,False,False,,,False
011wwe0xhhv00001,大明湖路与按察司街路口,西进口直行,6,7,2,2,011wwe0xhr600001,东关大街与大明湖路路口,7,2,evening_peak,0.416,0.2454,0.971,,,70.0,,,OTHER,False,False,False,,,False
011wwe0xhr600001,东关大街与大明湖路路口,南进口左转,4,5,1,6,011wwe0xhhv00001,大明湖路与按察司街路口,3,1,evening_peak,0.2278,0.0337,0.312,,,48.2,0.0613,,OTHER,False,False,False,False,True,True
011wwe0xjjs00001,明湖东路与黑虎泉北路路口,东进口直行,2,3,2,6,011wwe0xjhh00001,历黄路与鹊华路路口,3,2,evening_peak,0.2218,0.0953,0.3445,,,73.4,,,OTHER,False,False,False,,,False
011wwe0xjjs00001,明湖东路与黑虎泉北路路口,西进口直行,6,7,2,2,011wwe0xm0n00001,明湖东路与长盛街路口,7,2,evening_peak,0.2809,0.0624,0.3962,,,45.3,0.0793,,OTHER,False,False,False,False,True,True
011wwe0xkwc00001,利农庄路与历山路路口,南进口直行,4,5,2,0,011wwe0xmrz00001,东关大街与花园路路口,5,2,evening_peak,0.1589,0.0194,0.1727,,,62.4,,,OTHER,False,False,False,,,False
011wwe0xkwc00001,利农庄路与历山路路口,西进口左转,6,7,1,0,011wwe0xmrz00001,东关大街与花园路路口,5,1,evening_peak,0.1597,0.0096,0.696,,,12.8,,,OTHER,False,False,False,,,False
011wwe0xm0n00001,明湖东路与长盛街路口,西进口直行,6,7,2,2,011wwe0xm5j00001,文垣街与明湖东路路口,7,2,evening_peak,0.0793,0.007,0.1561,,,24.8,0.2985,,OTHER,False,False,False,False,True,True
011wwe0xm0p00001,明湖东路与长盛街路口,东进口直行,2,3,2,6,011wwe0xjjs00001,明湖东路与黑虎泉北路路口,3,2,evening_peak,0.3754,0.0125,0.3754,,,142.2,0.2218,,WEAK_TYPE1,False,False,False,False,True,True
011wwe0xm5j00001,文垣街与明湖东路路口,西进口直行,6,7,2,2,011wwe0xmmc00001,东关大街与明湖东路路口,7,2,evening_peak,0.2985,0.0304,0.2985,,,113.8,0.1565,,OTHER,False,False,False,False,True,True
011wwe0xmmc00001,东关大街与明湖东路路口,北进口左转,0,1,1,2,011wwe0xmrz00001,东关大街与花园路路口,7,1,evening_peak,0.0622,0.0064,0.2612,,,13.2,,,OTHER,False,False,False,,,False
011wwe0xmmc00001,东关大街与明湖东路路口,西进口直行,6,7,2,2,011wwe0xmrz00001,东关大街与花园路路口,7,2,evening_peak,0.1565,0.0569,0.2349,,,54.1,,,OTHER,False,False,False,,,False
011wwe0xmxp00001,历山路辅路与历山路辅路路口,西北进口直行,7,8,2,3,011wwe0xmrz00001,东关大街与花园路路口,8,2,evening_peak,0.3002,0.0319,1.3791,,,49.8,,,OTHER,False,False,False,,,False
011wwe0xmxp00002,历山路与历山路路口,东南进口直行,3,4,2,7,011wwe0xmyx00001,历山路与海晏门街路口,4,2,evening_peak,0.3602,0.0749,0.3934,,,56.4,0.4472,,WEAK_TYPE1,False,False,False,False,True,True
011wwe0xmyx00001,历山路与海晏门街路口,东北进口左转,1,2,1,3,011wwe0xmxp00001,历山路辅路与历山路辅路路口,8,1,evening_peak,0.02,0.0045,0.0821,,,14.4,,,OTHER,False,False,False,,,False
011wwe0xmyx00001,历山路与海晏门街路口,东南进口直行,3,4,2,7,011wwe0xrhd00001,北园高架路与历山北路路口,4,2,evening_peak,0.4472,0.1088,0.4751,,,73.8,,,OTHER,False,False,False,,,False
011wwe0xmyx00001,历山路与海晏门街路口,西南进口左转,5,6,1,7,011wwe0xrhd00001,北园高架路与历山北路路口,4,1,evening_peak,0.3082,0.0297,0.3184,,,60.2,,,OTHER,False,False,False,,,False
011wwe0xmyx00001,历山路与海晏门街路口,西南进口直行,5,6,2,1,011wwe0xwfb00001,山大路与黄台南路路口,6,2,evening_peak,0.216,0.0343,0.3082,,,42.2,,,OTHER,False,False,False,,,False
011wwe0xmz000001,历山路辅路与历山路辅路路口,东南进口直行,3,4,2,7,011wwe0xmyx00001,历山路与海晏门街路口,4,2,evening_peak,1.4483,0.1344,1.4483,,,102.8,0.4472,,TYPE1_POINT,True,False,False,False,True,True
011wwe0xt9700001,花园路与花园路路口,东进口直行,2,3,2,6,011wwe0xmrz00001,东关大街与花园路路口,3,2,evening_peak,0.2762,0.0501,0.2762,,,118.4,,,OTHER,False,False,False,,,False
011wwe0xwhj00001,山大路与花洪路路口,东进口左转,2,3,1,4,011wwe0xtub00001,山大路与花园路路口,1,1,evening_peak,0.0296,0.004,0.2101,,,9.1,,,OTHER,False,False,False,,,False
011wwe22fjy00001,龙腾路与西山东路路口,北进口左转,0,1,1,2,011wwe22fpt00001,龙腾路与龙驰路路口,7,1,evening_peak,0.6988,0.0062,0.6988,,,141.2,0.0861,,WEAK_TYPE1,False,False,False,False,True,True
011wwe22fpt00001,龙腾路与龙驰路路口,北进口左转,0,1,1,2,011wwe2344m00001,龙腾路与龙鼎大道路口,7,1,evening_peak,0.1444,0.008,0.7389,,,24.0,0.0771,,OTHER,False,False,False,False,True,True
011wwe22fpt00001,龙腾路与龙驰路路口,东进口直行,2,3,2,6,011wwe22fjy00001,龙腾路与西山东路路口,3,2,evening_peak,0.066,0.0046,0.111,,,20.2,0.0616,,OTHER,False,False,False,False,True,True
011wwe22fpt00001,龙腾路与龙驰路路口,南进口左转,4,5,1,6,011wwe22fjy00001,龙腾路与西山东路路口,3,1,evening_peak,0.3971,0.0027,0.3971,,,32.8,0.0344,,WEAK_TYPE1,False,False,False,False,True,True
011wwe22fpt00001,龙腾路与龙驰路路口,西进口直行,6,7,2,2,011wwe2344m00001,龙腾路与龙鼎大道路口,7,2,evening_peak,0.0851,0.005,0.125,,,18.8,0.0751,,OTHER,False,False,False,False,True,True
011wwe22jjn00001,浆水泉路与荆山东路路口,北进口左转,0,1,1,2,011wwe22m8200001,洄龙路与浆水泉路路口,7,1,evening_peak,0.132,0.005,0.7945,0.6181,0.6181,29.6,,0.2743,OTHER,False,False,False,,,False
011wwe22jsg00001,旅游路与荆山东路路口,西进口直行,6,7,2,2,011wwe22mcj00001,旅游路与浆水泉路路口,7,2,evening_peak,0.0724,0.0207,0.1057,1.2499,1.2499,50.8,0.1087,1.2756,TYPE2_LINE,False,True,True,True,False,True
011wwe22m8200001,洄龙路与浆水泉路路口,西北进口左转,7,8,1,1,011wwe22mcj00001,旅游路与浆水泉路路口,6,1,evening_peak,0.2164,0.0064,0.3264,,,37.4,,,OTHER,False,False,False,,,False
011wwe22mcj00001,旅游路与浆水泉路路口,北进口左转,0,1,1,2,011wwe22q4c00001,旅游路与旅游路路口,7,1,evening_peak,0.2139,0.0278,0.2139,1.2379,1.2379,82.1,,,UNKNOWN_DOWNSTREAM,False,True,True,,,False
011wwe22mcj00001,旅游路与浆水泉路路口,东进口直行,2,3,2,6,011wwe22jsg00001,旅游路与荆山东路路口,3,2,evening_peak,0.4052,0.127,0.4929,1.4116,1.4116,89.6,0.1024,1.1866,TYPE2_LINE,False,True,True,True,False,True
011wwe22mcj00001,旅游路与浆水泉路路口,西进口左转,6,7,1,0,011wwe22q9c00001,浆水泉路与荆山路路口,5,1,evening_peak,0.0575,0.0055,0.0575,0.1893,0.1893,32.8,0.0691,0.0,OTHER,False,False,False,False,True,True
011wwe22mcj00001,旅游路与浆水泉路路口,西进口直行,6,7,2,2,011wwe22q4c00001,旅游路与旅游路路口,7,2,evening_peak,0.1087,0.0309,0.1087,1.2756,1.2756,62.0,0.3547,,TYPE1_POINT,False,True,True,False,True,True
011wwe22q4c00001,旅游路与旅游路路口,东进口直行,2,3,2,6,011wwe22mcj00001,旅游路与浆水泉路路口,3,2,evening_peak,0.1929,0.0203,0.4167,,,70.2,0.4052,1.4116,OTHER,False,False,False,True,False,True
011wwe22q4c00001,旅游路与旅游路路口,西进口直行,6,7,2,2,011wwe22qm800001,旅游路与旅游路路口,7,2,evening_peak,0.3547,0.0079,0.3547,,,80.4,,1.1086,OTHER,False,False,False,,,False
011wwe22q9c00001,浆水泉路与荆山路路口,北进口直行,0,1,2,4,011wwe22mcj00001,旅游路与浆水泉路路口,1,2,evening_peak,0.1776,0.0576,0.4846,0.72,0.72,31.0,0.1016,1.2344,OTHER,False,False,False,True,False,True
011wwe22q9c00001,浆水泉路与荆山路路口,南进口直行,4,5,2,0,011wwe22r6r00001,荆山北街与浆水泉路路口,5,2,evening_peak,0.1298,0.0175,0.6121,,0.2449,49.6,0.0792,,OTHER,False,False,False,False,True,True
011wwe22q9c00001,浆水泉路与荆山路路口,西进口左转,6,7,1,0,011wwe22r6r00001,荆山北街与浆水泉路路口,5,1,evening_peak,0.0559,0.0091,0.0775,1.1741,1.1741,75.8,0.0271,,TYPE1_POINT,False,True,True,False,True,True
011wwe22qxc00001,旅游路与霞景路路口,西南进口直行,5,6,2,1,011wwe22wfv00001,旅游路与洪山路路口,6,2,evening_peak,0.1618,0.059,0.2891,,,49.8,0.1431,,OTHER,False,False,False,False,True,True
011wwe22r6r00001,荆山北街与浆水泉路路口,南进口直行,4,5,2,0,011wwe22rfu00001,名士北路与浆水泉路路口,5,2,evening_peak,0.0792,0.0223,0.1616,,,45.0,0.2116,0.5431,OTHER,False,False,False,False,True,True
011wwe22r6r00001,荆山北街与浆水泉路路口,西进口左转,6,7,1,0,011wwe22rfu00001,名士北路与浆水泉路路口,5,1,evening_peak,0.1078,0.0081,0.5889,,,32.0,0.0448,0.6319,OTHER,False,False,False,False,True,True
011wwe22rfu00001,名士北路与浆水泉路路口,北进口左转,0,1,1,2,011wwe22xbx00001,名士北路与霞景路路口,7,1,evening_peak,0.3398,0.0669,1.0102,0.6234,0.6234,41.2,,0.5915,OTHER,False,False,False,,,False
011wwe22rfu00001,名士北路与浆水泉路路口,南进口直行,4,5,2,0,011wwe2827q00001,浆水泉路与经十路路口,5,2,evening_peak,0.2116,0.0756,0.5381,0.5431,0.5431,52.0,0.1897,0.3328,OTHER,False,False,False,False,True,True
011wwe22uhj00001,龙泽路与龙泽路路口,西南进口左转,5,6,1,7,011wwe22ue500001,龙泽路与龙泽路路口,4,1,evening_peak,0.1459,0.0018,0.1459,,,40.6,0.0323,,OTHER,False,False,False,False,True,True
011wwe22usw00001,龙泽路与龙泽路路口,东进口直行,2,3,2,6,011wwe22ue500001,龙泽路与龙泽路路口,3,2,evening_peak,0.1396,0.0107,0.1396,,,44.0,,,OTHER,False,False,False,,,False
011wwe22w7300001,洪山路与霞景路路口,西进口左转,6,7,1,0,011wwe22we400001,洪山路与洪山路路口,5,1,evening_peak,0.031,0.0019,0.2926,,0.5455,14.2,,,OTHER,False,False,False,,,False
011wwe22we400001,洪山路与洪山路路口,北进口直行,0,1,2,4,011wwe22w7300001,洪山路与霞景路路口,1,2,evening_peak,0.1058,0.0139,0.3173,,0.1739,22.0,0.0747,0.2194,OTHER,False,False,False,False,True,True
011wwe22wfv00001,旅游路与洪山路路口,北进口左转,0,1,1,2,011wwe22xn400001,旅游路与转山西路路口,7,1,evening_peak,0.4303,0.1383,0.5201,1.3953,1.3953,54.6,0.1198,7.8924,TYPE2_LINE,False,True,True,True,False,True
011wwe22wfv00001,旅游路与洪山路路口,北进口直行,0,1,2,4,011wwe22we400001,洪山路与洪山路路口,1,2,evening_peak,0.1797,0.0309,0.3262,0.8739,0.8739,22.8,0.1058,0.0,TYPE1_POINT,False,False,True,False,True,True
011wwe22wfv00001,旅游路与洪山路路口,东进口左转,2,3,1,4,011wwe22we400001,洪山路与洪山路路口,1,1,evening_peak,0.0629,0.014,0.1144,1.3902,1.3902,26.4,0.0,0.0,TYPE1_POINT,False,True,True,False,True,True
011wwe22x4s00001,霞景路与洪山路路口,北进口直行,0,1,2,4,011wwe22wfv00001,旅游路与洪山路路口,1,2,evening_peak,0.5886,0.1617,0.6457,,0.1667,47.4,0.1797,0.8739,WEAK_TYPE2,False,False,False,True,False,True
011wwe22x4s00001,霞景路与洪山路路口,南进口直行,4,5,2,0,011wwe22xd900001,洪山路与洪山路路口,5,2,evening_peak,0.3962,0.0481,0.5586,,0.093,48.8,0.3966,0.6015,WEAK_TYPE1,False,False,False,False,True,True
011wwe22x4s00001,霞景路与洪山路路口,西进口左转,6,7,1,0,011wwe22xd900001,洪山路与洪山路路口,5,1,evening_peak,0.1369,0.0166,0.3276,,0.2857,31.6,0.0824,0.7028,OTHER,False,False,False,False,True,True
011wwe22xbx00001,名士北路与霞景路路口,西进口直行,6,7,2,2,011wwe22xfx00001,洪山路与霞景路路口,7,2,evening_peak,0.0492,0.0019,0.1009,,,35.8,0.139,0.7376,OTHER,False,False,False,False,True,True
011wwe22xd900001,洪山路与洪山路路口,南进口直行,4,5,2,0,011wwe22xfx00001,洪山路与霞景路路口,5,2,evening_peak,0.3966,0.0751,0.3966,0.6015,0.6015,102.0,0.3975,0.6571,WEAK_TYPE1,False,False,False,False,True,True
011wwe22xfx00001,洪山路与霞景路路口,北进口左转,0,1,1,2,011wwe22xyq00001,云驰路与转山西路路口,7,1,evening_peak,0.0674,0.0086,0.1203,0.5777,0.5777,27.0,0.1067,0.0,OTHER,False,False,False,False,True,True
011wwe22xfx00001,洪山路与霞景路路口,北进口直行,0,1,2,4,011wwe22xd900001,洪山路与洪山路路口,1,2,evening_peak,0.1133,0.0179,0.3733,0.5571,0.5571,45.4,0.1308,0.0,OTHER,False,False,False,False,True,True
011wwe22xfx00001,洪山路与霞景路路口,东进口左转,2,3,1,4,011wwe22xd900001,洪山路与洪山路路口,1,1,evening_peak,0.0707,0.0103,0.2158,0.6032,0.6032,15.2,,,OTHER,False,False,False,,,False
011wwe22xfx00001,洪山路与霞景路路口,东进口直行,2,3,2,6,011wwe22xbx00001,名士北路与霞景路路口,3,2,evening_peak,0.1609,0.0357,0.5645,0.7619,0.7619,34.6,0.0851,,OTHER,False,False,False,False,True,True
011wwe22xfx00001,洪山路与霞景路路口,南进口左转,4,5,1,6,011wwe22xbx00001,名士北路与霞景路路口,3,1,evening_peak,0.0391,0.0036,0.1437,0.4844,0.4844,10.0,0.1297,0.4598,OTHER,False,False,False,False,True,True
011wwe22xfx00001,洪山路与霞景路路口,南进口直行,4,5,2,0,011wwe2889e00001,云腾路与洪山路路口,5,2,evening_peak,0.3975,0.0376,0.4022,0.6571,0.6571,101.8,0.0513,,WEAK_TYPE1,False,False,False,False,True,True
011wwe22xfx00001,洪山路与霞景路路口,西进口左转,6,7,1,0,011wwe2889e00001,云腾路与洪山路路口,5,1,evening_peak,0.1432,0.0222,0.326,0.5527,0.5527,34.0,0.0035,,OTHER,False,False,False,False,True,True
011wwe22xfx00001,洪山路与霞景路路口,西进口直行,6,7,2,2,011wwe22xyq00001,云驰路与转山西路路口,7,2,evening_peak,0.139,0.0295,0.1777,0.7376,0.7376,33.0,0.0289,,OTHER,False,False,False,False,True,True
011wwe22xn400001,旅游路与转山西路路口,北进口左转,0,1,1,2,011wwe22xp500001,旅游路与福地街路口,7,1,evening_peak,0.126,0.0504,0.126,1.9064,1.9064,66.4,,,UNKNOWN_DOWNSTREAM,False,True,True,,,False
011wwe22xn400001,旅游路与转山西路路口,东进口直行,2,3,2,6,011wwe22wfv00001,旅游路与洪山路路口,3,2,evening_peak,0.2538,0.0483,1.2207,1.3618,1.3618,25.2,0.2288,1.5117,TYPE2_LINE,False,True,True,True,False,True
011wwe22xn400001,旅游路与转山西路路口,西进口左转,6,7,1,0,011wwe22xyq00001,云驰路与转山西路路口,5,1,evening_peak,0.1198,0.0256,0.1213,7.8924,7.8924,49.8,,0.7842,UNKNOWN_DOWNSTREAM,False,True,True,,,False
011wwe22xn400001,旅游路与转山西路路口,西进口直行,6,7,2,2,011wwe22xp500001,旅游路与福地街路口,7,2,evening_peak,0.1309,0.0421,0.282,0.9513,0.9513,54.4,0.4514,,TYPE1_POINT,False,True,True,False,True,True
011wwe22xp500001,旅游路与福地街路口,东进口直行,2,3,2,6,011wwe22xn400001,旅游路与转山西路路口,3,2,evening_peak,0.4328,0.0818,0.4328,,,216.4,0.2538,1.3618,WEAK_TYPE2,False,False,False,True,False,True
011wwe22xyq00001,云驰路与转山西路路口,北进口直行,0,1,2,4,011wwe22xn400001,旅游路与转山西路路口,1,2,evening_peak,0.29,0.0794,0.3022,,0.3077,57.0,,,OTHER,False,False,False,,,False
011wwe22xyq00001,云驰路与转山西路路口,东进口左转,2,3,1,4,011wwe22xn400001,旅游路与转山西路路口,1,1,evening_peak,0.342,0.0045,0.342,,0.3243,91.2,0.126,1.9064,WEAK_TYPE2,False,False,False,True,False,True
011wwe22xyq00001,云驰路与转山西路路口,西进口左转,6,7,1,0,011wwe288qe00001,融庆巷与转山西路路口,5,1,evening_peak,0.1067,0.02,0.2073,,0.3243,49.4,,,OTHER,False,False,False,,,False
011wwe231d900002,龙鼎大道与龙鼎大道路口,南进口直行,4,5,2,0,011wwe2344m00001,龙腾路与龙鼎大道路口,5,2,evening_peak,0.9256,0.1255,1.0221,,,55.6,0.1599,,TYPE1_POINT,True,False,False,False,True,True
011wwe2344m00001,龙腾路与龙鼎大道路口,东进口直行,2,3,2,6,011wwe22fpt00001,龙腾路与龙驰路路口,3,2,evening_peak,0.0579,0.0026,0.3541,,,12.0,0.066,,OTHER,False,False,False,False,True,True
011wwe2344m00001,龙腾路与龙鼎大道路口,南进口左转,4,5,1,6,011wwe22fpt00001,龙腾路与龙驰路路口,3,1,evening_peak,0.1231,0.0324,0.1319,,,48.8,0.1907,,OTHER,False,False,False,False,True,True
011wwe2344m00001,龙腾路与龙鼎大道路口,南进口直行,4,5,2,0,011wwe234dr00001,西山东路与龙鼎大道路口,5,2,evening_peak,0.1599,0.068,0.1644,,,63.4,0.1821,,OTHER,False,False,False,False,True,True
011wwe2344m00001,龙腾路与龙鼎大道路口,西进口左转,6,7,1,0,011wwe234dr00001,西山东路与龙鼎大道路口,5,1,evening_peak,0.0771,0.009,0.0973,,,23.6,0.0523,,OTHER,False,False,False,False,True,True
011wwe2348x00001,西山东路与龙驰路路口,北进口左转,0,1,1,2,011wwe234dr00001,西山东路与龙鼎大道路口,7,1,evening_peak,0.0701,0.0063,0.4234,,,24.4,0.1859,,OTHER,False,False,False,False,True,True
011wwe234dr00001,西山东路与龙鼎大道路口,北进口直行,0,1,2,4,011wwe2344m00001,龙腾路与龙鼎大道路口,1,2,evening_peak,0.1076,0.0203,0.1457,,,38.4,0.1534,,OTHER,False,False,False,False,True,True
011wwe234dr00001,西山东路与龙鼎大道路口,东进口左转,2,3,1,4,011wwe2344m00001,龙腾路与龙鼎大道路口,1,1,evening_peak,0.0391,0.0008,0.396,,,8.2,0.0605,,OTHER,False,False,False,False,True,True
011wwe234dr00001,西山东路与龙鼎大道路口,东进口直行,2,3,2,6,011wwe2348x00001,西山东路与龙驰路路口,3,2,evening_peak,0.0305,0.0007,0.0849,,,6.4,0.0993,,OTHER,False,False,False,False,True,True
011wwe234dr00001,西山东路与龙鼎大道路口,南进口左转,4,5,1,6,011wwe2348x00001,西山东路与龙驰路路口,3,1,evening_peak,0.0523,0.01,0.0523,,,17.7,0.0912,,OTHER,False,False,False,False,True,True
011wwe234dr00001,西山东路与龙鼎大道路口,南进口直行,4,5,2,0,011wwe2357100001,龙景路与龙鼎大道路口,5,2,evening_peak,0.1821,0.0175,0.2673,,,61.6,,,OTHER,False,False,False,,,False
011wwe234dr00001,西山东路与龙鼎大道路口,西进口左转,6,7,1,0,011wwe2357100001,龙景路与龙鼎大道路口,5,1,evening_peak,0.1859,0.0319,0.2032,,,32.2,,,OTHER,False,False,False,,,False
011wwe2357100001,龙景路与龙鼎大道路口,东进口左转,2,3,1,4,011wwe234dr00001,西山东路与龙鼎大道路口,1,1,evening_peak,0.0465,0.0068,0.0636,,,38.0,0.1636,,OTHER,False,False,False,False,True,True
011wwe23h9500001,龙泽路与龙驰路路口,东南进口直行,3,4,2,7,011wwe23hbx00001,龙泽路与龙驰路路口,4,2,evening_peak,0.0873,0.0132,0.1911,,,23.2,,,OTHER,False,False,False,,,False
011wwe23hbx00001,龙泽路与龙驰路路口,东北进口左转,1,2,1,3,011wwe23h9500001,龙泽路与龙驰路路口,8,1,evening_peak,0.0577,0.0146,0.0699,,,18.0,,,OTHER,False,False,False,,,False
011wwe23hhr00001,龙景路与龙鼎大道路口,北进口直行,0,1,2,4,011wwe235ey00001,龙程路与龙鼎大道路口,1,2,evening_peak,0.1196,0.0374,0.2119,,,36.8,0.1773,,OTHER,False,False,False,False,True,True
011wwe23hhr00001,龙景路与龙鼎大道路口,东进口左转,2,3,1,4,011wwe235ey00001,龙程路与龙鼎大道路口,1,1,evening_peak,0.0806,0.0137,0.2322,,,17.0,0.0692,,OTHER,False,False,False,False,True,True
011wwe23hhr00001,龙景路与龙鼎大道路口,南进口直行,4,5,2,0,011wwe23hu200001,龙鼎大道与龙鼎大道路口,5,2,evening_peak,0.1191,0.0366,0.2175,,,40.4,0.2288,,OTHER,False,False,False,False,True,True
011wwe23hu200001,龙鼎大道与龙鼎大道路口,北进口直行,0,1,2,4,011wwe23hhr00001,龙景路与龙鼎大道路口,1,2,evening_peak,0.1414,0.0501,0.1414,,,51.0,0.1196,,OTHER,False,False,False,False,True,True
011wwe23hu200001,龙鼎大道与龙鼎大道路口,南进口直行,4,5,2,0,011wwe23jk700001,龙驰路与龙鼎大道路口,5,2,evening_peak,0.2288,0.0788,0.2439,,,69.6,0.319,,OTHER,False,False,False,False,True,True
011wwe23jk700001,龙驰路与龙鼎大道路口,北进口左转,0,1,1,2,011wwe23jqg00001,龙驰路与无名道路路口,7,1,evening_peak,0.0624,0.0054,0.084,,,14.4,0.0169,,OTHER,False,False,False,False,True,True
011wwe23jk700001,龙驰路与龙鼎大道路口,北进口直行,0,1,2,4,011wwe23hu200001,龙鼎大道与龙鼎大道路口,1,2,evening_peak,0.3152,0.1137,0.3152,,,72.8,0.1414,,WEAK_TYPE1,False,False,False,False,True,True
011wwe23jk700001,龙驰路与龙鼎大道路口,东进口左转,2,3,1,4,011wwe23hu200001,龙鼎大道与龙鼎大道路口,1,1,evening_peak,0.0894,0.0176,0.5541,,,27.2,0.0366,,OTHER,False,False,False,False,True,True
011wwe23jk700001,龙驰路与龙鼎大道路口,东进口直行,2,3,2,6,011wwe23j6700001,龙驰路与龙驰路路口,3,2,evening_peak,0.0605,0.0068,0.067,,,18.4,0.1049,,OTHER,False,False,False,False,True,True
011wwe23jk700001,龙驰路与龙鼎大道路口,南进口左转,4,5,1,6,011wwe23j6700001,龙驰路与龙驰路路口,3,1,evening_peak,0.4425,0.0048,0.4425,,,162.0,,,OTHER,False,False,False,,,False
011wwe23jk700001,龙驰路与龙鼎大道路口,南进口直行,4,5,2,0,011wwe23ju200001,龙翔路与龙鼎大道路口,5,2,evening_peak,0.319,0.0095,0.319,,,116.8,0.283,,WEAK_TYPE1,False,False,False,False,True,True
011wwe23jk700001,龙驰路与龙鼎大道路口,西进口左转,6,7,1,0,011wwe23ju200001,龙翔路与龙鼎大道路口,5,1,evening_peak,0.1959,0.0666,0.2646,,,45.6,,,OTHER,False,False,False,,,False
011wwe23jk700001,龙驰路与龙鼎大道路口,西进口直行,6,7,2,2,011wwe23jqg00001,龙驰路与无名道路路口,7,2,evening_peak,0.0885,0.0142,0.1108,,,20.6,0.0697,,OTHER,False,False,False,False,True,True
011wwe23jqg00001,龙驰路与无名道路路口,北进口左转,0,1,1,2,011wwe23m9000001,龙驰路与奥体东路路口,7,1,evening_peak,0.0057,0.0001,0.0186,,,1.4,,,OTHER,False,False,False,,,False
011wwe23jqg00001,龙驰路与无名道路路口,东进口直行,2,3,2,6,011wwe23jk700001,龙驰路与龙鼎大道路口,3,2,evening_peak,0.0611,0.0057,0.0977,,,18.0,0.0605,,OTHER,False,False,False,False,True,True
011wwe23jqg00001,龙驰路与无名道路路口,西进口左转,6,7,1,0,011wwe23jwr00001,龙翔路与无名道路路口,5,1,evening_peak,0.0169,0.0002,0.114,,,5.2,0.0105,,OTHER,False,False,False,False,True,True
011wwe23jqg00001,龙驰路与无名道路路口,西进口直行,6,7,2,2,011wwe23m9000001,龙驰路与奥体东路路口,7,2,evening_peak,0.0697,0.0076,0.334,,,21.4,,,OTHER,False,False,False,,,False
011wwe23ju200001,龙翔路与龙鼎大道路口,北进口左转,0,1,1,2,011wwe23jwr00001,龙翔路与无名道路路口,7,1,evening_peak,0.0754,0.0039,0.0956,,,14.2,0.0,,OTHER,False,False,False,False,True,True
011wwe23ju200001,龙翔路与龙鼎大道路口,北进口直行,0,1,2,4,011wwe23jk700001,龙驰路与龙鼎大道路口,1,2,evening_peak,0.8755,0.0505,0.8755,,,164.8,0.3152,,TYPE1_POINT,True,False,False,False,True,True
011wwe23ju200001,龙翔路与龙鼎大道路口,东进口左转,2,3,1,4,011wwe23jk700001,龙驰路与龙鼎大道路口,1,1,evening_peak,0.0769,0.0066,0.0777,,,19.0,0.0624,,OTHER,False,False,False,False,True,True
011wwe23jwr00001,龙翔路与无名道路路口,北进口左转,0,1,1,2,011wwe23mb200001,百合东路与规划路路口,7,1,evening_peak,0.0148,0.0002,0.2023,,,3.2,0.1423,,OTHER,False,False,False,False,True,True
011wwe23jwr00001,龙翔路与无名道路路口,北进口直行,0,1,2,4,011wwe23jqg00001,龙驰路与无名道路路口,1,2,evening_peak,0.0306,0.0004,0.0371,,,6.6,0.0121,,OTHER,False,False,False,False,True,True
011wwe23jwr00001,龙翔路与无名道路路口,东进口左转,2,3,1,4,011wwe23jqg00001,龙驰路与无名道路路口,1,1,evening_peak,0.0,0.0,0.0774,,,,0.0057,,OTHER,False,False,False,False,True,True
011wwe23jwr00001,龙翔路与无名道路路口,东进口直行,2,3,2,6,011wwe23ju200001,龙翔路与龙鼎大道路口,3,2,evening_peak,0.1532,0.0037,0.4787,,,38.4,,,OTHER,False,False,False,,,False
011wwe23jwr00001,龙翔路与无名道路路口,南进口左转,4,5,1,6,011wwe23ju200001,龙翔路与龙鼎大道路口,3,1,evening_peak,0.0105,0.0001,0.0469,,,2.6,0.0769,,OTHER,False,False,False,False,True,True
011wwe23jwr00001,龙翔路与无名道路路口,西进口直行,6,7,2,2,011wwe23mb200001,百合东路与规划路路口,7,2,evening_peak,0.2646,0.0025,0.2646,,,65.4,,,OTHER,False,False,False,,,False
011wwe23m9000001,龙驰路与奥体东路路口,东南进口直行,3,4,2,7,011wwe23mb200001,百合东路与规划路路口,4,2,evening_peak,0.0742,0.0008,0.4248,,,13.2,,,OTHER,False,False,False,,,False
011wwe23m9000001,龙驰路与奥体东路路口,西北进口直行,7,8,2,3,011wwe23kef00001,规划四路与奥体东路路口,8,2,evening_peak,0.1872,0.0116,0.1993,,,34.0,0.0142,,OTHER,False,False,False,False,True,True
011wwe23mb200001,百合东路与规划路路口,西进口左转,6,7,1,0,011wwe23q0h00001,芳华路与奥体东路路口,5,1,evening_peak,0.1423,0.0033,0.1502,,,35.8,0.0,,OTHER,False,False,False,False,True,True
011wwe23nsq00001,龙兴路与龙鼎大道路口,北进口左转,0,1,1,2,011wwe23nxy00001,百合东路与老石沟路路口,7,1,evening_peak,0.0506,0.0159,0.0506,,,37.4,0.0735,,OTHER,False,False,False,False,True,True
011wwe23nsq00001,龙兴路与龙鼎大道路口,北进口直行,0,1,2,4,011wwe23nhk00001,规划路与龙鼎大道路口,1,2,evening_peak,0.0899,0.0431,0.4288,,,66.4,,,OTHER,False,False,False,,,False
011wwe23nsq00001,龙兴路与龙鼎大道路口,东进口左转,2,3,1,4,011wwe23nhk00001,规划路与龙鼎大道路口,1,1,evening_peak,0.0695,0.0088,0.1306,,,30.2,,,OTHER,False,False,False,,,False
011wwe23nsq00001,龙兴路与龙鼎大道路口,南进口直行,4,5,2,0,011wwe23pum00001,龙奥南路与龙洞立交桥路口,5,2,evening_peak,0.1101,0.0561,0.1761,,,36.5,0.0331,,OTHER,False,False,False,False,True,True
011wwe23nxy00001,百合东路与老石沟路路口,北进口直行,0,1,2,4,011wwe23q8000001,奥体东路与奥体东路路口,1,2,evening_peak,0.2214,0.0195,1.0696,,,23.8,0.284,,OTHER,False,False,False,False,True,True
011wwe23nxy00001,百合东路与老石沟路路口,南进口左转,4,5,1,6,011wwe23nsq00001,龙兴路与龙鼎大道路口,3,1,evening_peak,0.0718,0.0015,0.2062,,,7.8,0.0695,,OTHER,False,False,False,False,True,True
011wwe23nxy00001,百合东路与老石沟路路口,南进口直行,4,5,2,0,011wwe23nzg00001,商业北街与百合东路路口,5,2,evening_peak,0.3664,0.0268,0.4806,,,39.8,0.3747,,WEAK_TYPE1,False,False,False,False,True,True
011wwe23nxy00001,百合东路与老石沟路路口,西进口左转,6,7,1,0,011wwe23nzg00001,商业北街与百合东路路口,5,1,evening_peak,0.0735,0.0058,0.1167,,,32.0,0.0211,,OTHER,False,False,False,False,True,True
011wwe23nzg00001,商业北街与百合东路路口,北进口直行,0,1,2,4,011wwe23nxy00001,百合东路与老石沟路路口,1,2,evening_peak,0.0387,0.0013,0.0764,,,7.6,0.2214,,OTHER,False,False,False,False,True,True
011wwe23pcy00001,龙奥南路与龙奥西路路口,北进口左转,0,1,1,2,011wwe23pum00001,龙奥南路与龙洞立交桥路口,7,1,evening_peak,0.2203,0.0244,0.488,0.504,0.504,45.5,0.0064,0.6367,OTHER,False,False,False,False,True,True
011wwe23pru00001,奥体东路与百合东路路口,南进口直行,4,5,2,0,011wwe23rbm00001,奥体东路与龙奥南路路口,5,2,evening_peak,0.4047,0.0476,0.5746,,,51.0,0.1293,0.6087,WEAK_TYPE1,False,False,False,False,True,True
011wwe23pum00001,龙奥南路与龙洞立交桥路口,东进口左转,2,3,1,4,011wwe23nsq00001,龙兴路与龙鼎大道路口,1,1,evening_peak,0.2718,0.1291,0.3282,1.2,1.2,65.6,0.0506,,TYPE1_POINT,False,True,True,False,True,True
011wwe23pum00001,龙奥南路与龙洞立交桥路口,东进口直行,2,3,2,6,011wwe23pcy00001,龙奥南路与龙奥西路路口,3,2,evening_peak,0.2818,0.0384,0.8237,,,68.0,0.0867,0.0,OTHER,False,False,False,False,True,True
011wwe23pum00001,龙奥南路与龙洞立交桥路口,南进口左转,4,5,1,6,011wwe23pcy00001,龙奥南路与龙奥西路路口,3,1,evening_peak,0.0938,0.0302,0.119,1.1586,1.1586,69.2,0.0959,0.0,TYPE1_POINT,False,True,True,False,True,True
011wwe23pum00001,龙奥南路与龙洞立交桥路口,西进口直行,6,7,2,2,011wwe23pyv00001,龙奥东路与龙洞立交桥路口,7,2,evening_peak,0.0475,0.0067,0.0822,0.2694,0.2694,13.4,0.1955,0.0,OTHER,False,False,False,False,True,True
011wwe23px600001,旅游路与龙洞立交桥路口,西进口直行,6,7,2,2,011wwe23r8b00001,旅游路与旅游路路口,7,2,evening_peak,0.0016,0.0001,0.0135,,,1.8,0.896,1.4706,OTHER,False,False,False,True,False,True
011wwe23pyv00001,龙奥东路与龙洞立交桥路口,北进口左转,0,1,1,2,011wwe23rbm00001,奥体东路与龙奥南路路口,7,1,evening_peak,0.0665,0.0077,0.0665,1.128,1.128,30.0,0.1645,0.0,TYPE1_POINT,False,True,True,False,True,True
011wwe23pyv00001,龙奥东路与龙洞立交桥路口,西进口左转,6,7,1,0,011wwe290wy00001,龙奥东路与龙奥北路路口,5,1,evening_peak,0.2595,0.024,0.2595,,0.169,72.2,0.1442,1.1317,OTHER,False,False,False,True,False,True
011wwe23pyv00001,龙奥东路与龙洞立交桥路口,西进口直行,6,7,2,2,011wwe23rbm00001,奥体东路与龙奥南路路口,7,2,evening_peak,0.1955,0.0629,0.3486,,0.169,54.4,,,OTHER,False,False,False,,,False
011wwe23q0h00001,芳华路与奥体东路路口,北进口直行,0,1,2,4,011wwe23mb200001,百合东路与规划路路口,1,2,evening_peak,0.0414,0.0004,0.697,,,9.2,0.0175,,OTHER,False,False,False,False,True,True
011wwe23q0h00001,芳华路与奥体东路路口,南进口直行,4,5,2,0,011wwe23q8000001,奥体东路与奥体东路路口,5,2,evening_peak,0.0332,0.0008,0.0822,,,7.6,0.0939,,OTHER,False,False,False,False,True,True
011wwe23q0h00001,芳华路与奥体东路路口,西进口左转,6,7,1,0,011wwe23q8000001,奥体东路与奥体东路路口,5,1,evening_peak,0.1013,0.0065,0.2061,,,22.8,0.0,,OTHER,False,False,False,False,True,True
011wwe23q8000001,奥体东路与奥体东路路口,北进口直行,0,1,2,4,011wwe23q0h00001,芳华路与奥体东路路口,1,2,evening_peak,0.284,0.0343,0.284,,,32.8,0.0414,,OTHER,False,False,False,False,True,True
011wwe23q8000001,奥体东路与奥体东路路口,东进口左转,2,3,1,4,011wwe23q0h00001,芳华路与奥体东路路口,1,1,evening_peak,0.0987,0.0046,0.3833,,,6.8,,,OTHER,False,False,False,,,False
011wwe23q8000001,奥体东路与奥体东路路口,南进口直行,4,5,2,0,011wwe23nxy00001,百合东路与老石沟路路口,5,2,evening_peak,0.0939,0.0136,0.1951,,,20.4,0.3664,,OTHER,False,False,False,False,True,True
011wwe23r8b00001,旅游路与旅游路路口,东进口直行,2,3,2,6,011wwe23px700001,旅游路与龙洞立交桥路口,3,2,evening_peak,0.53,0.1157,0.53,1.6716,1.6716,203.0,0.1134,,TYPE1_POINT,False,True,True,False,True,True
011wwe23rbm00001,奥体东路与龙奥南路路口,南进口左转,4,5,1,6,011wwe23pyv00001,龙奥东路与龙洞立交桥路口,3,1,evening_peak,0.165,0.0202,0.2536,0.5102,0.5102,51.8,,0.0,OTHER,False,False,False,,,False
011wwe23rbm00001,奥体东路与龙奥南路路口,南进口直行,4,5,2,0,011wwe2929q00001,奥体东路与龙奥北路路口,5,2,evening_peak,0.1293,0.0275,0.1733,0.6087,0.6087,40.6,,1.8578,OTHER,False,False,False,,,False
011wwe23rbm00001,奥体东路与龙奥南路路口,西进口左转,6,7,1,0,011wwe2929q00001,奥体东路与龙奥北路路口,5,1,evening_peak,0.1645,0.0302,0.3505,,0.3,21.4,,2.6,OTHER,False,False,False,,,False
011wwe2800600001,二环东路辅路与经十路路口,北进口左转,0,1,1,2,011wwe2800g00001,二环东路与经十路路口,7,1,evening_peak,0.2076,0.0074,0.2528,,,13.8,0.1856,,OTHER,False,False,False,False,True,True
011wwe2800600001,二环东路辅路与经十路路口,北进口直行,0,1,2,4,011wwe0rzpp00002,二环东路辅路与燕山立交桥路口,1,2,evening_peak,0.6982,0.1528,0.8246,,,46.4,0.0359,,WEAK_TYPE1,False,False,False,False,True,True
011wwe2800600001,二环东路辅路与经十路路口,西进口直行,6,7,2,2,011wwe2800g00001,二环东路与经十路路口,7,2,evening_peak,0.3912,0.1622,0.9342,,,74.2,0.3132,,WEAK_TYPE1,False,False,False,False,True,True
011wwe2800g00001,二环东路与经十路路口,南进口直行,4,5,2,0,011wwe2801n00001,二环东路辅路与经十路路口,5,2,evening_peak,0.0588,0.0027,0.1212,,,16.0,0.7407,,OTHER,False,False,False,False,True,True
011wwe2800g00001,二环东路与经十路路口,西进口左转,6,7,1,0,011wwe2801n00001,二环东路辅路与经十路路口,5,1,evening_peak,0.1856,0.0128,0.2784,,,12.8,0.5999,,OTHER,False,False,False,False,True,True
011wwe2800g00001,二环东路与经十路路口,西进口直行,6,7,2,2,011wwe2827q00001,浆水泉路与经十路路口,7,2,evening_peak,0.3132,0.0614,1.891,,,21.6,0.1021,,WEAK_TYPE1,False,False,False,False,True,True
011wwe2800q00001,二环东路辅路与经十路路口,北进口直行,0,1,2,4,011wwe2800600001,二环东路辅路与经十路路口,1,2,evening_peak,0.1813,0.0777,0.9441,,,67.6,0.6982,,OTHER,False,False,False,False,True,True
011wwe2800q00001,二环东路辅路与经十路路口,东进口左转,2,3,1,4,011wwe2800600001,二环东路辅路与经十路路口,1,1,evening_peak,0.1326,0.0063,0.5535,,,9.2,0.2076,,OTHER,False,False,False,False,True,True
011wwe2800q00001,二环东路辅路与经十路路口,东进口直行,2,3,2,6,011wwe0xb5g00001,燕子山路与经十路路口,3,2,evening_peak,0.1989,0.0563,1.9645,,,13.8,,,OTHER,False,False,False,,,False
011wwe2801n00001,二环东路辅路与经十路路口,东进口直行,2,3,2,6,011wwe2800q00001,二环东路辅路与经十路路口,3,2,evening_peak,0.0552,0.0131,0.0552,,,84.6,0.1989,,OTHER,False,False,False,False,True,True
011wwe2801n00001,二环东路辅路与经十路路口,南进口左转,4,5,1,6,011wwe2800q00001,二环东路辅路与经十路路口,3,1,evening_peak,0.5999,0.0345,0.8968,,,39.2,0.1326,,WEAK_TYPE1,False,False,False,False,True,True
011wwe2801n00001,二环东路辅路与经十路路口,南进口直行,4,5,2,0,011wwe280c300001,二环东路辅路与窑头路路口,5,2,evening_peak,0.7407,0.194,1.6162,,,48.4,0.3955,1.0316,WEAK_TYPE2,False,False,False,True,False,True
011wwe280bc00001,二环东路辅路与文化东路路口,北进口左转,0,1,1,2,011wwe280c300001,二环东路辅路与窑头路路口,7,1,evening_peak,0.0365,0.0011,0.1002,,,13.4,0.4169,,OTHER,False,False,False,False,True,True
011wwe280bc00001,二环东路辅路与文化东路路口,北进口直行,0,1,2,4,011wwe2800q00001,二环东路辅路与经十路路口,1,2,evening_peak,0.4001,0.0657,0.4774,,,147.0,0.1813,,WEAK_TYPE1,False,False,False,False,True,True
011wwe280bc00001,二环东路辅路与文化东路路口,东进口左转,2,3,1,4,011wwe2800q00001,二环东路辅路与经十路路口,1,1,evening_peak,0.3606,0.025,0.6655,,,22.0,,,OTHER,False,False,False,,,False
011wwe280bc00001,二环东路辅路与文化东路路口,西进口直行,6,7,2,2,011wwe280c300001,二环东路辅路与窑头路路口,7,2,evening_peak,0.2593,0.1018,0.2913,,,76.0,0.5002,,OTHER,False,False,False,False,True,True
011wwe280c300001,二环东路辅路与窑头路路口,东进口直行,2,3,2,6,011wwe280bc00001,二环东路辅路与文化东路路口,3,2,evening_peak,1.1313,0.1818,1.1313,,,183.4,0.4721,,TYPE1_POINT,True,False,False,False,True,True
011wwe280c300001,二环东路辅路与窑头路路口,南进口左转,4,5,1,6,011wwe280bc00001,二环东路辅路与文化东路路口,3,1,evening_peak,0.0265,0.0005,0.2603,,,9.6,0.3606,,OTHER,False,False,False,False,True,True
011wwe280c300001,二环东路辅路与窑头路路口,南进口直行,4,5,2,0,011wwe2813t00001,二环东路与甸新南路路口,5,2,evening_peak,0.3955,0.0555,0.3955,1.0316,1.0316,143.4,0.5131,0.0,TYPE1_POINT,False,True,True,False,True,True
011wwe280c300001,二环东路辅路与窑头路路口,西进口左转,6,7,1,0,011wwe2813t00001,二环东路与甸新南路路口,5,1,evening_peak,0.4169,0.0237,0.4169,,,26.0,0.0918,0.0,WEAK_TYPE1,False,False,False,False,True,True
011wwe280c300001,二环东路辅路与窑头路路口,西进口直行,6,7,2,2,011wwe282ex00001,浆水泉路与窑头路路口,7,2,evening_peak,0.5002,0.0838,1.6835,,,31.2,,,OTHER,False,False,False,,,False
011wwe2813t00001,二环东路与甸新南路路口,北进口直行,0,1,2,4,011wwe280bc00001,二环东路辅路与文化东路路口,1,2,evening_peak,0.363,0.0484,0.4675,,0.3696,95.8,0.4001,,WEAK_TYPE1,False,False,False,False,True,True
011wwe2813t00001,二环东路与甸新南路路口,南进口直行,4,5,2,0,011wwe281cy00001,二环东路与和平路路口,5,2,evening_peak,0.5131,0.0621,0.5131,,0.3617,187.8,0.1844,,WEAK_TYPE1,False,False,False,False,True,True
011wwe2813t00001,二环东路与甸新南路路口,西进口左转,6,7,1,0,011wwe281cy00001,二环东路与和平路路口,5,1,evening_peak,0.2626,0.0626,0.747,0.8471,0.8471,29.6,0.0979,,OTHER,False,False,False,False,True,True
011wwe281bq00001,和平路与甸新东路路口,北进口左转,0,1,1,2,011wwe281cy00001,二环东路与和平路路口,7,1,evening_peak,0.5512,0.0198,0.5512,,0.15,196.6,0.1646,,WEAK_TYPE1,False,False,False,False,True,True
011wwe281bq00001,和平路与甸新东路路口,东进口直行,2,3,2,6,011wwe0xcun00001,和平路与燕子山路路口,3,2,evening_peak,0.3429,0.1174,0.6222,0.94,0.94,47.4,0.1091,,TYPE1_POINT,False,True,True,False,True,True
011wwe281bq00001,和平路与甸新东路路口,南进口左转,4,5,1,6,011wwe0xcun00001,和平路与燕子山路路口,3,1,evening_peak,0.1548,0.0019,0.1548,,0.15,32.0,0.049,,OTHER,False,False,False,False,True,True
011wwe281bq00001,和平路与甸新东路路口,西进口直行,6,7,2,2,011wwe281cy00001,二环东路与和平路路口,7,2,evening_peak,0.1086,0.0539,0.2871,1.587,1.587,59.0,0.354,,TYPE1_POINT,False,True,True,False,True,True
011wwe281cy00001,二环东路与和平路路口,北进口左转,0,1,1,2,011wwe283cs00001,和平东路与姚家路路口,7,1,evening_peak,0.3348,0.1004,0.3348,,,51.8,0.0281,0.7886,WEAK_TYPE1,False,False,False,False,True,True
011wwe281cy00001,二环东路与和平路路口,东进口直行,2,3,2,6,011wwe281bq00001,和平路与甸新东路路口,3,2,evening_peak,0.8038,0.1604,1.2477,,,65.2,0.3429,0.94,TYPE2_LINE,True,False,False,True,False,True
011wwe281cy00001,二环东路与和平路路口,南进口左转,4,5,1,6,011wwe281bq00001,和平路与甸新东路路口,3,1,evening_peak,0.0979,0.018,0.3596,,,31.9,0.0926,0.5856,OTHER,False,False,False,False,True,True
011wwe281cy00001,二环东路与和平路路口,南进口直行,4,5,2,0,011wwe2846w00001,二环东路出口与二环东路辅路路口,5,2,evening_peak,0.1844,0.0673,0.2332,,,60.1,0.11,,OTHER,False,False,False,False,True,True
011wwe281cy00001,二环东路与和平路路口,西进口左转,6,7,1,0,011wwe2846w00001,二环东路出口与二环东路辅路路口,5,1,evening_peak,0.1646,0.0399,0.2304,,,22.5,,,OTHER,False,False,False,,,False
011wwe281cy00001,二环东路与和平路路口,西进口直行,6,7,2,2,011wwe283cs00001,和平东路与姚家路路口,7,2,evening_peak,0.354,0.0341,0.4798,,,48.4,0.1211,0.3771,WEAK_TYPE1,False,False,False,False,True,True
011wwe2827q00001,浆水泉路与经十路路口,北进口左转,0,1,1,2,011wwe288ct00001,经十路辅路与洪山路路口,7,1,evening_peak,0.5491,0.1462,0.5911,,,36.6,0.0338,0.3474,WEAK_TYPE1,False,False,False,False,True,True
011wwe2827q00001,浆水泉路与经十路路口,南进口直行,4,5,2,0,011wwe282e300001,浆水泉路与经十路路口,5,2,evening_peak,0.1897,0.077,0.4111,0.3328,0.3328,62.4,0.4819,,OTHER,False,False,False,False,True,True
011wwe2827q00001,浆水泉路与经十路路口,西进口左转,6,7,1,0,011wwe282e300001,浆水泉路与经十路路口,5,1,evening_peak,0.0375,0.0062,0.0465,,,48.0,0.5451,,OTHER,False,False,False,False,True,True
011wwe2827q00001,浆水泉路与经十路路口,西进口直行,6,7,2,2,011wwe288ct00001,经十路辅路与洪山路路口,7,2,evening_peak,0.1021,0.0216,0.1021,,,130.8,0.1309,1.5714,OTHER,False,False,False,True,False,True
011wwe282e300001,浆水泉路与经十路路口,北进口直行,0,1,2,4,011wwe2827q00001,浆水泉路与经十路路口,1,2,evening_peak,0.6452,0.2992,0.6452,,,68.0,0.7051,,WEAK_TYPE1,False,False,False,False,True,True
011wwe282e300001,浆水泉路与经十路路口,东进口左转,2,3,1,4,011wwe2827q00001,浆水泉路与经十路路口,1,1,evening_peak,0.0914,0.0095,0.3212,,,39.2,0.5491,,OTHER,False,False,False,False,True,True
011wwe282e300001,浆水泉路与经十路路口,东进口直行,2,3,2,6,011wwe2801n00001,二环东路辅路与经十路路口,3,2,evening_peak,0.1618,0.0568,0.2298,,,69.4,0.0552,,OTHER,False,False,False,False,True,True
011wwe282e300001,浆水泉路与经十路路口,南进口左转,4,5,1,6,011wwe2801n00001,二环东路辅路与经十路路口,3,1,evening_peak,0.5451,0.1521,0.8673,,,36.2,,,OTHER,False,False,False,,,False
011wwe282e300001,浆水泉路与经十路路口,南进口直行,4,5,2,0,011wwe282ex00001,浆水泉路与窑头路路口,5,2,evening_peak,0.4819,0.2008,0.8568,,,32.0,1.8853,0.0,WEAK_TYPE2,False,False,False,True,False,True
011wwe282ex00001,浆水泉路与窑头路路口,北进口直行,0,1,2,4,011wwe282e300001,浆水泉路与经十路路口,1,2,evening_peak,0.3443,0.1048,0.3935,1.0071,1.0071,35.7,0.6452,,TYPE1_POINT,False,True,True,False,True,True
011wwe282ex00001,浆水泉路与窑头路路口,南进口直行,4,5,2,0,011wwe2835z00001,姚家南路与浆水泉路路口,5,2,evening_peak,1.8853,0.1989,1.8853,,0.1429,190.4,,,UNKNOWN_DOWNSTREAM,True,False,False,,,False
011wwe282ex00001,浆水泉路与窑头路路口,西进口左转,6,7,1,0,011wwe2835z00001,姚家南路与浆水泉路路口,5,1,evening_peak,0.0372,0.0047,0.0577,1.4306,1.4306,45.9,,,UNKNOWN_DOWNSTREAM,False,True,True,,,False
011wwe283cs00001,和平东路与姚家路路口,西进口直行,6,7,2,2,011wwe283uh00001,姚家街与姚家路路口,7,2,evening_peak,0.1211,0.0179,0.1211,0.3771,0.3771,120.8,0.2112,1.0973,OTHER,False,False,False,True,False,True
011wwe283uh00001,姚家街与姚家路路口,北进口左转,0,1,1,2,011wwe283z600001,姚家路与文博西路路口,7,1,evening_peak,0.0587,0.004,0.0587,,1.0714,21.0,0.0531,0.0,OTHER,False,False,False,False,True,True
011wwe283uh00001,姚家街与姚家路路口,东进口直行,2,3,2,6,011wwe283cs00001,和平东路与姚家路路口,3,2,evening_peak,0.8679,0.2027,2.1898,,0.4286,91.0,0.4781,0.0686,TYPE1_POINT,True,False,False,False,True,True
011wwe283uh00001,姚家街与姚家路路口,南进口左转,4,5,1,6,011wwe283cs00001,和平东路与姚家路路口,3,1,evening_peak,0.0725,0.0188,0.1354,0.9714,0.9714,28.8,0.061,0.7714,TYPE1_POINT,False,True,True,False,True,True
011wwe283uh00001,姚家街与姚家路路口,西进口直行,6,7,2,2,011wwe283z600001,姚家路与文博西路路口,7,2,evening_peak,0.2112,0.0411,0.2202,1.0973,1.0973,61.5,0.0889,0.0,TYPE1_POINT,False,True,True,False,True,True
011wwe283z600001,姚家路与文博西路路口,北进口左转,0,1,1,2,011wwe289c900001,姚家路与泺邑路路口,7,1,evening_peak,0.2613,0.0081,1.0228,0.098,0.3243,25.6,0.0697,0.0,OTHER,False,False,False,False,True,True
011wwe283z600001,姚家路与文博西路路口,西进口左转,6,7,1,0,011wwe286rw00001,解放东路与文博西路路口,5,1,evening_peak,0.0531,0.0059,0.0986,,0.3243,20.8,0.0249,0.7692,OTHER,False,False,False,False,True,True
011wwe283z600001,姚家路与文博西路路口,西进口直行,6,7,2,2,011wwe289c900001,姚家路与泺邑路路口,7,2,evening_peak,0.0889,0.0266,0.5497,,0.3243,34.8,0.1451,0.0,OTHER,False,False,False,False,True,True
011wwe2846n00001,二环东路辅路与二环东路辅路路口,北进口直行,0,1,2,4,011wwe281cy00001,二环东路与和平路路口,1,2,evening_peak,0.2164,0.0253,0.5442,,,27.2,0.5222,,OTHER,False,False,False,False,True,True
011wwe2846w00001,二环东路出口与二环东路辅路路口,南进口直行,4,5,2,0,011wwe284fk00001,二环东路与解放路路口,5,2,evening_peak,0.11,0.0182,0.1952,,,35.4,0.215,1.6396,OTHER,False,False,False,True,False,True
011wwe284bk00002,甸新东路与解放路路口,东进口直行,2,3,2,6,011wwe0xfuh00001,燕子山路与解放路路口,3,2,evening_peak,0.3574,0.0469,0.6982,,,78.0,0.1784,,WEAK_TYPE1,False,False,False,False,True,True
011wwe284fk00001,二环东路与解放路路口,北进口左转,0,1,1,2,011wwe284y100001,解放东路与解放东路路口,7,1,evening_peak,0.1292,0.0382,0.2678,1.4783,1.4783,16.7,0.0312,0.0,TYPE1_POINT,False,True,True,False,True,True
011wwe284fk00001,二环东路与解放路路口,北进口直行,0,1,2,4,011wwe2846q00001,二环东路出口与二环东路辅路路口,1,2,evening_peak,0.349,0.1153,0.349,1.4317,1.4317,45.1,0.303,,TYPE1_POINT,False,True,True,False,True,True
011wwe284fk00001,二环东路与解放路路口,东进口左转,2,3,1,4,011wwe2846q00001,二环东路出口与二环东路辅路路口,1,1,evening_peak,0.1036,0.017,0.1036,,0.1905,22.9,,,OTHER,False,False,False,,,False
011wwe284fk00001,二环东路与解放路路口,东进口直行,2,3,2,6,011wwe284bk00002,甸新东路与解放路路口,3,2,evening_peak,0.284,0.0889,0.284,,0.5962,62.8,0.3574,,OTHER,False,False,False,False,True,True
011wwe284fk00001,二环东路与解放路路口,南进口左转,4,5,1,6,011wwe284bk00002,甸新东路与解放路路口,3,1,evening_peak,0.0738,0.0047,0.1852,1.575,1.575,18.8,,,UNKNOWN_DOWNSTREAM,False,True,True,,,False
011wwe284fk00001,二环东路与解放路路口,南进口直行,4,5,2,0,011wwe2854m00001,二环东路与工业南路路口,5,2,evening_peak,0.215,0.0454,0.3033,1.6396,1.6396,54.8,0.3373,1.2263,TYPE2_LINE,False,True,True,True,False,True
011wwe284xx00001,茂岭山路与解放东路路口,北进口左转,0,1,1,2,011wwe2869h00001,解放东路与解放东路路口,7,1,evening_peak,0.0855,0.0068,0.0855,,0.4048,63.1,,,OTHER,False,False,False,,,False
011wwe284xx00001,茂岭山路与解放东路路口,东进口直行,2,3,2,6,011wwe284y100001,解放东路与解放东路路口,3,2,evening_peak,0.2226,0.0448,0.4692,,0.1667,40.6,0.2012,0.0,OTHER,False,False,False,False,True,True
011wwe284xx00001,茂岭山路与解放东路路口,南进口左转,4,5,1,6,011wwe284y100001,解放东路与解放东路路口,3,1,evening_peak,0.0425,0.0013,0.0741,,0.4048,18.8,0.0457,0.0,OTHER,False,False,False,False,True,True
011wwe284xx00001,茂岭山路与解放东路路口,南进口直行,4,5,2,0,011wwe285zx00001,七里河路与工业南路路口,5,2,evening_peak,0.0,0.0,0.0,,,,,,OTHER,False,False,False,,,False
011wwe284xx00001,茂岭山路与解放东路路口,西进口左转,6,7,1,0,011wwe285zx00001,七里河路与工业南路路口,5,1,evening_peak,0.1096,0.0025,0.153,,0.1717,20.2,,,OTHER,False,False,False,,,False
011wwe284xx00001,茂岭山路与解放东路路口,西进口直行,6,7,2,2,011wwe2869h00001,解放东路与解放东路路口,7,2,evening_peak,0.1117,0.0232,0.4762,,0.1717,20.6,,0.0,OTHER,False,False,False,,,False
011wwe284y100001,解放东路与解放东路路口,西进口直行,6,7,2,2,011wwe284xx00001,茂岭山路与解放东路路口,7,2,evening_peak,0.1412,0.0465,0.2723,,0.12,61.6,0.1117,0.0,OTHER,False,False,False,False,True,True
011wwe2854m00001,二环东路与工业南路路口,北进口直行,0,1,2,4,011wwe284fk00001,二环东路与解放路路口,1,2,evening_peak,0.1724,0.0483,0.2346,,,74.5,0.349,1.4317,OTHER,False,False,False,True,False,True
011wwe2854m00001,二环东路与工业南路路口,南进口直行,4,5,2,0,011wwe285fj00001,二环东路辅路与山大南路路口,5,2,evening_peak,0.3373,0.1572,0.8145,1.2263,1.2263,49.2,,,UNKNOWN_DOWNSTREAM,False,True,True,,,False
011wwe2854m00001,二环东路与工业南路路口,西进口左转,6,7,1,0,011wwe285fj00001,二环东路辅路与山大南路路口,5,1,evening_peak,0.0,0.0,0.0,,,,,,OTHER,False,False,False,,,False
011wwe2867z00001,浆水泉路与解放东路路口,东进口左转,2,3,1,4,011wwe283uh00001,姚家街与姚家路路口,1,1,evening_peak,0.0828,0.0306,0.1323,,0.375,37.1,0.0587,0.0,OTHER,False,False,False,False,True,True
011wwe2867z00001,浆水泉路与解放东路路口,东进口直行,2,3,2,6,011wwe2869h00001,解放东路与解放东路路口,3,2,evening_peak,0.1909,0.1021,0.3814,,0.1818,85.6,0.0373,0.0,OTHER,False,False,False,False,True,True
011wwe2867z00001,浆水泉路与解放东路路口,南进口左转,4,5,1,6,011wwe2869h00001,解放东路与解放东路路口,3,1,evening_peak,0.2319,0.064,0.5913,1.0973,1.0973,32.0,0.015,0.0,TYPE1_POINT,False,True,True,False,True,True
011wwe2867z00001,浆水泉路与解放东路路口,西进口直行,6,7,2,2,011wwe286rw00001,解放东路与文博西路路口,7,2,evening_peak,0.1871,0.0676,0.1871,,0.1818,63.2,0.1125,0.0,OTHER,False,False,False,False,True,True
011wwe2869h00001,解放东路与解放东路路口,东进口直行,2,3,2,6,011wwe284xx00001,茂岭山路与解放东路路口,3,2,evening_peak,0.0373,0.0046,0.2816,,0.1101,12.4,0.2226,0.0,OTHER,False,False,False,False,True,True
011wwe286rw00001,解放东路与文博西路路口,东进口直行,2,3,2,6,011wwe2867z00001,浆水泉路与解放东路路口,3,2,evening_peak,0.3494,0.1341,0.7383,,0.1622,67.2,0.1909,0.0,WEAK_TYPE1,False,False,False,False,True,True
011wwe286rw00001,解放东路与文博西路路口,南进口左转,4,5,1,6,011wwe2867z00001,浆水泉路与解放东路路口,3,1,evening_peak,0.0249,0.0035,0.0995,0.7692,0.7692,9.2,0.0828,0.0,OTHER,False,False,False,False,True,True
011wwe286rw00001,解放东路与文博西路路口,西进口直行,6,7,2,2,011wwe28d3t00001,华阳路与解放东路路口,7,2,evening_peak,0.1125,0.044,0.2042,,0.1791,49.8,0.2039,0.0,OTHER,False,False,False,False,True,True
011wwe287xg00001,新泺大街与彤霞路路口,北进口左转,0,1,1,2,011wwe28e9b00001,新泺大街与泺邑路路口,7,1,evening_peak,0.2207,0.0101,0.2207,,0.375,36.2,,0.2143,OTHER,False,False,False,,,False
011wwe287xg00001,新泺大街与彤霞路路口,西进口直行,6,7,2,2,011wwe28e9b00001,新泺大街与泺邑路路口,7,2,evening_peak,0.0784,0.0285,0.0827,,0.1379,36.8,,0.3277,OTHER,False,False,False,,,False
011wwe287zs00001,天辰路与彤霞路路口,北进口左转,0,1,1,2,011wwe28ecr00001,天辰路与泺邑路路口,7,1,evening_peak,0.3547,0.0057,0.3547,,,39.6,0.0328,,WEAK_TYPE1,False,False,False,False,True,True
011wwe287zs00001,天辰路与彤霞路路口,北进口直行,0,1,2,4,011wwe287xg00001,新泺大街与彤霞路路口,1,2,evening_peak,0.2633,0.0042,0.4586,,,29.4,,0.0,OTHER,False,False,False,,,False
011wwe287zs00001,天辰路与彤霞路路口,东进口左转,2,3,1,4,011wwe287xg00001,新泺大街与彤霞路路口,1,1,evening_peak,0.0,0.0,0.064,,,,0.2207,0.0,OTHER,False,False,False,False,True,True
011wwe2889e00001,云腾路与洪山路路口,北进口左转,0,1,1,2,011wwe288we00001,云腾路与转山西路路口,7,1,evening_peak,0.0967,0.0042,0.1211,,,15.5,0.1823,1.3302,OTHER,False,False,False,True,False,True
011wwe2889e00001,云腾路与洪山路路口,北进口直行,0,1,2,4,011wwe22xfx00001,洪山路与霞景路路口,1,2,evening_peak,0.4468,0.0208,0.4468,,,71.6,0.1133,0.5571,WEAK_TYPE1,False,False,False,False,True,True
011wwe2889e00001,云腾路与洪山路路口,东进口左转,2,3,1,4,011wwe22xfx00001,洪山路与霞景路路口,1,1,evening_peak,0.0571,0.002,0.4764,,,18.4,0.0674,0.5777,OTHER,False,False,False,False,True,True
011wwe288ct00001,经十路辅路与洪山路路口,东进口左转,2,3,1,4,011wwe2889e00001,云腾路与洪山路路口,1,1,evening_peak,0.1267,0.0176,0.1267,1.8344,1.8344,53.4,0.0967,,TYPE1_POINT,False,True,True,False,True,True
011wwe288ct00001,经十路辅路与洪山路路口,西进口直行,6,7,2,2,011wwe289qc00001,经十路与转山西路路口,7,2,evening_peak,0.1309,0.0311,0.1538,1.5714,1.5714,105.2,0.2155,0.8686,TYPE2_LINE,False,True,True,True,False,True
011wwe288qe00001,融庆巷与转山西路路口,南进口直行,4,5,2,0,011wwe288we00001,云腾路与转山西路路口,5,2,evening_peak,0.2488,0.0192,0.2488,0.5731,0.5731,63.0,0.2216,0.4765,OTHER,False,False,False,False,True,True
011wwe288we00001,云腾路与转山西路路口,北进口直行,0,1,2,4,011wwe288qe00001,融庆巷与转山西路路口,1,2,evening_peak,0.4066,0.0699,0.5777,0.6986,0.6986,71.8,0.6403,0.6946,WEAK_TYPE1,False,False,False,False,True,True
011wwe288we00001,云腾路与转山西路路口,东进口左转,2,3,1,4,011wwe288qe00001,融庆巷与转山西路路口,1,1,evening_peak,0.3219,0.0049,0.3219,,0.4,82.8,0.0827,1.107,WEAK_TYPE2,False,False,False,True,False,True
011wwe288we00001,云腾路与转山西路路口,南进口直行,4,5,2,0,011wwe288ys00001,无名道路与转山西路路口,5,2,evening_peak,0.2216,0.024,0.4463,0.4765,0.4765,29.2,0.322,,OTHER,False,False,False,False,True,True
011wwe288we00001,云腾路与转山西路路口,西进口左转,6,7,1,0,011wwe288ys00001,无名道路与转山西路路口,5,1,evening_peak,0.1823,0.01,0.1823,1.3302,1.3302,106.6,0.0473,,TYPE1_POINT,False,True,True,False,True,True
011wwe288ys00001,无名道路与转山西路路口,北进口直行,0,1,2,4,011wwe288we00001,云腾路与转山西路路口,1,2,evening_peak,0.9316,0.0864,1.8049,,,51.2,0.4066,0.6986,TYPE1_POINT,True,False,False,False,True,True
011wwe288ys00001,无名道路与转山西路路口,南进口直行,4,5,2,0,011wwe289qc00001,经十路与转山西路路口,5,2,evening_peak,0.322,0.0378,1.5819,,,57.8,0.2321,1.0594,WEAK_TYPE2,False,False,False,True,False,True
011wwe288ys00001,无名道路与转山西路路口,西进口左转,6,7,1,0,011wwe289qc00001,经十路与转山西路路口,5,1,evening_peak,0.1966,0.0106,0.3576,,,56.4,0.1789,1.6704,OTHER,False,False,False,True,False,True
011wwe289c900001,姚家路与泺邑路路口,北进口左转,0,1,1,2,011wwe289uc00001,姚家东路与姚家街路口,7,1,evening_peak,0.2038,0.041,0.2038,0.3257,0.3257,33.4,0.039,0.0,OTHER,False,False,False,False,True,True
011wwe289c900001,姚家路与泺邑路路口,东进口直行,2,3,2,6,011wwe283z600001,姚家路与文博西路路口,3,2,evening_peak,0.1626,0.0108,0.3712,,0.2553,62.4,0.2517,0.0,OTHER,False,False,False,False,True,True
011wwe289c900001,姚家路与泺邑路路口,南进口左转,4,5,1,6,011wwe283z600001,姚家路与文博西路路口,3,1,evening_peak,0.0073,0.0001,0.0082,,,3.2,,,OTHER,False,False,False,,,False
011wwe289c900001,姚家路与泺邑路路口,南进口直行,4,5,2,0,011wwe28d1d00001,岔口,5,2,evening_peak,0.0128,0.0001,0.0274,,0.2857,5.6,,,OTHER,False,False,False,,,False
011wwe289c900001,姚家路与泺邑路路口,西进口左转,6,7,1,0,011wwe28d1d00001,岔口,5,1,evening_peak,0.0697,0.0109,0.085,,0.2553,17.4,,,OTHER,False,False,False,,,False
011wwe289c900001,姚家路与泺邑路路口,西进口直行,6,7,2,2,011wwe289uc00001,姚家东路与姚家街路口,7,2,evening_peak,0.1451,0.0374,0.3943,,0.2553,36.2,,,OTHER,False,False,False,,,False
011wwe289qc00001,经十路与转山西路路口,南进口直行,4,5,2,0,011wwe289y900001,礼士路与礼士路路口,5,2,evening_peak,0.2321,0.0776,0.2718,1.0594,1.0594,57.2,0.4076,,TYPE1_POINT,False,True,True,False,True,True
011wwe289qc00001,经十路与转山西路路口,西进口左转,6,7,1,0,011wwe289y900001,礼士路与礼士路路口,5,1,evening_peak,0.0625,0.0202,0.0771,1.1316,1.1316,41.0,0.0736,,TYPE1_POINT,False,True,True,False,True,True
011wwe289qc00001,经十路与转山西路路口,西进口直行,6,7,2,2,011wwe28ctu00001,奥体西路与经十路路口,7,2,evening_peak,0.2155,0.05,0.2155,0.8686,0.8686,141.4,,0.0295,UNKNOWN_DOWNSTREAM,False,False,True,,,False
011wwe289uc00001,姚家东路与姚家街路口,东进口直行,2,3,2,6,011wwe289c900001,姚家路与泺邑路路口,3,2,evening_peak,0.3967,0.0445,0.533,,0.8333,90.8,0.1626,0.0,WEAK_TYPE1,False,False,False,False,True,True
011wwe289uc00001,姚家东路与姚家街路口,南进口左转,4,5,1,6,011wwe289c900001,姚家路与泺邑路路口,3,1,evening_peak,0.2717,0.0482,0.2717,,0.375,82.5,0.0433,0.0,OTHER,False,False,False,False,True,True
011wwe289uc00001,姚家东路与姚家街路口,南进口直行,4,5,2,0,011wwe28dm500001,姚家东路与茂岭二号路路口,5,2,evening_peak,0.2286,0.0671,0.3376,,0.3704,69.4,0.3474,0.0,OTHER,False,False,False,False,True,True
011wwe289uc00001,姚家东路与姚家街路口,西进口左转,6,7,1,0,011wwe28dm500001,姚家东路与茂岭二号路路口,5,1,evening_peak,0.039,0.0108,0.1323,,0.8333,15.0,0.1238,0.0,OTHER,False,False,False,False,True,True
011wwe289y900001,礼士路与礼士路路口,南进口左转,4,5,1,6,011wwe289uc00001,姚家东路与姚家街路口,3,1,evening_peak,0.0736,0.0085,1.1862,,,20.2,0.1791,,OTHER,False,False,False,False,True,True
011wwe28bxq00001,奥体西路与龙奥北路路口,东进口左转,2,3,1,4,011wwe23pbn00001,奥体西路与龙奥南路路口,1,1,evening_peak,0.0537,0.0051,0.0896,1.8264,1.8264,15.7,,,UNKNOWN_DOWNSTREAM,False,True,True,,,False
011wwe28ctu00001,奥体西路与经十路路口,北进口左转,0,1,1,2,011wwe291ey00001,奥体中路与经十路路口,7,1,evening_peak,0.1432,0.0369,0.1468,,0.3077,52.7,,,OTHER,False,False,False,,,False
011wwe28ctu00001,奥体西路与经十路路口,北进口直行,0,1,2,4,011wwe28bxq00001,奥体西路与龙奥北路路口,1,2,evening_peak,0.2444,0.0538,0.3545,1.697,1.697,89.9,,,UNKNOWN_DOWNSTREAM,False,True,True,,,False
011wwe28ctu00001,奥体西路与经十路路口,南进口左转,4,5,1,6,011wwe289qc00001,经十路与转山西路路口,3,1,evening_peak,0.1153,0.0523,0.247,1.7598,1.7598,30.5,0.1048,2.0267,TYPE2_LINE,False,True,True,True,False,True
011wwe28ctu00001,奥体西路与经十路路口,南进口直行,4,5,2,0,011wwe28fmc00001,奥体西路与解放东路路口,5,2,evening_peak,0.3173,0.0745,0.7299,1.7829,1.7829,83.9,,0.0,UNKNOWN_DOWNSTREAM,False,True,True,,,False
011wwe28d3t00001,华阳路与解放东路路口,北进口左转,0,1,1,2,011wwe28dm500001,姚家东路与茂岭二号路路口,7,1,evening_peak,0.1349,0.0241,0.1753,0.6857,0.6857,17.4,0.1119,0.0,OTHER,False,False,False,False,True,True
011wwe28d3t00001,华阳路与解放东路路口,北进口直行,0,1,2,4,011wwe28d1d00001,岔口,1,2,evening_peak,0.2296,0.0836,0.2311,1.4694,1.4694,29.6,,,UNKNOWN_DOWNSTREAM,False,True,True,,,False
011wwe28d3t00001,华阳路与解放东路路口,东进口左转,2,3,1,4,011wwe28d1d00001,岔口,1,1,evening_peak,0.0323,0.0046,0.1452,,0.375,13.0,,,OTHER,False,False,False,,,False
011wwe28d3t00001,华阳路与解放东路路口,南进口直行,4,5,2,0,011wwe28d9t00001,无名道路与泺邑路路口,5,2,evening_peak,0.1194,0.0255,0.274,0.605,0.605,23.8,0.3158,,OTHER,False,False,False,False,True,True
011wwe28d3t00001,华阳路与解放东路路口,西进口左转,6,7,1,0,011wwe28d9t00001,无名道路与泺邑路路口,5,1,evening_peak,0.1584,0.0513,0.1584,,0.375,39.0,,,OTHER,False,False,False,,,False
011wwe28d3t00001,华阳路与解放东路路口,西进口直行,6,7,2,2,011wwe28dm500001,姚家东路与茂岭二号路路口,7,2,evening_peak,0.2039,0.0407,0.2039,,0.1875,50.2,0.1796,0.0,OTHER,False,False,False,False,True,True
011wwe28d9t00001,无名道路与泺邑路路口,北进口左转,0,1,1,2,011wwe28dej00001,无名道路与无名道路路口,7,1,evening_peak,0.091,0.0051,0.1799,,,13.5,,,OTHER,False,False,False,,,False
011wwe28d9t00001,无名道路与泺邑路路口,北进口直行,0,1,2,4,011wwe28d3t00001,华阳路与解放东路路口,1,2,evening_peak,0.1967,0.0184,0.3571,,,29.2,0.2296,1.4694,OTHER,False,False,False,True,False,True
011wwe28d9t00001,无名道路与泺邑路路口,东进口左转,2,3,1,4,011wwe28d3t00001,华阳路与解放东路路口,1,1,evening_peak,0.1032,0.0023,0.779,,,15.0,0.1349,0.6857,OTHER,False,False,False,False,True,True
011wwe28d9t00001,无名道路与泺邑路路口,南进口直行,4,5,2,0,011wwe28dcv00001,泺邑路与泺邑路路口,5,2,evening_peak,0.3158,0.0074,0.3872,,,41.6,0.2682,,WEAK_TYPE1,False,False,False,False,True,True
011wwe28dcv00001,泺邑路与泺邑路路口,北进口直行,0,1,2,4,011wwe28d9t00001,无名道路与泺邑路路口,1,2,evening_peak,0.436,0.0923,0.436,,,51.4,0.1967,,WEAK_TYPE1,False,False,False,False,True,True
011wwe28dcv00001,泺邑路与泺邑路路口,南进口直行,4,5,2,0,011wwe28e1g00001,岔口,5,2,evening_peak,0.2682,0.0655,0.2682,,,40.0,,0.0,OTHER,False,False,False,,,False
011wwe28dm500001,姚家东路与茂岭二号路路口,北进口左转,0,1,1,2,011wwe28dqc00001,解放东路与礼士路路口,7,1,evening_peak,0.2501,0.0715,0.3258,1.85,1.85,47.2,,,UNKNOWN_DOWNSTREAM,False,True,True,,,False
011wwe28dm500001,姚家东路与茂岭二号路路口,北进口直行,0,1,2,4,011wwe289uc00001,姚家东路与姚家街路口,1,2,evening_peak,0.4217,0.1557,0.4514,2.0914,2.0914,79.6,0.1638,0.0,TYPE1_POINT,False,True,True,False,True,True
011wwe28dm500001,姚家东路与茂岭二号路路口,东进口左转,2,3,1,4,011wwe289uc00001,姚家东路与姚家街路口,1,1,evening_peak,0.1986,0.0426,0.4084,1.4401,1.4401,37.3,,,UNKNOWN_DOWNSTREAM,False,True,True,,,False
011wwe28dm500001,姚家东路与茂岭二号路路口,东进口直行,2,3,2,6,011wwe28d3t00001,华阳路与解放东路路口,3,2,evening_peak,0.2497,0.1057,0.386,,0.3191,46.9,0.1134,0.0,OTHER,False,False,False,False,True,True
011wwe28dm500001,姚家东路与茂岭二号路路口,南进口左转,4,5,1,6,011wwe28d3t00001,华阳路与解放东路路口,3,1,evening_peak,0.1238,0.0398,0.1238,,0.4688,41.2,0.0323,0.0,OTHER,False,False,False,False,True,True
011wwe28dm500001,姚家东路与茂岭二号路路口,南进口直行,4,5,2,0,011wwe28dtj00001,茂岭二号路与规划一号路路口,5,2,evening_peak,0.3474,0.0835,0.3498,,0.4688,115.6,0.3153,0.6609,WEAK_TYPE1,False,False,False,False,True,True
011wwe28dm500001,姚家东路与茂岭二号路路口,西进口左转,6,7,1,0,011wwe28dtj00001,茂岭二号路与规划一号路路口,5,1,evening_peak,0.1119,0.0167,0.159,,0.4444,45.1,0.0785,0.4898,OTHER,False,False,False,False,True,True
011wwe28dm500001,姚家东路与茂岭二号路路口,西进口直行,6,7,2,2,011wwe28dqc00001,解放东路与礼士路路口,7,2,evening_peak,0.1796,0.0844,0.4947,,0.3191,72.4,0.4356,,OTHER,False,False,False,False,True,True
011wwe28dqc00001,解放东路与礼士路路口,西进口直行,6,7,2,2,011wwe28drd00001,解放东路与解放东路路口,7,2,evening_peak,0.4356,0.0638,1.473,,,81.8,0.1967,,WEAK_TYPE1,False,False,False,False,True,True
011wwe28dqf00001,解放东路与解放东路路口,东进口直行,2,3,2,6,011wwe28dm500001,姚家东路与茂岭二号路路口,3,2,evening_peak,0.7823,0.0659,1.4888,,,74.4,0.2497,0.0,WEAK_TYPE1,False,False,False,False,True,True
011wwe28drd00001,解放东路与解放东路路口,东进口直行,2,3,2,6,011wwe28dqf00001,解放东路与解放东路路口,3,2,evening_peak,0.5995,0.0294,0.6629,,,117.2,0.7823,,WEAK_TYPE1,False,False,False,False,True,True
011wwe28drd00001,解放东路与解放东路路口,西进口直行,6,7,2,2,011wwe28f3100001,茂岭山三号路与解放东路路口,7,2,evening_peak,0.1967,0.0242,0.7571,,,30.6,0.535,0.0,OTHER,False,False,False,False,True,True
011wwe28dtj00001,茂岭二号路与规划一号路路口,北进口左转,0,1,1,2,011wwe28dwj00001,坤顺路与东篱路路口,7,1,evening_peak,0.2697,0.025,0.2697,0.5421,0.5421,36.6,,,OTHER,False,False,False,,,False
011wwe28dtj00001,茂岭二号路与规划一号路路口,北进口直行,0,1,2,4,011wwe28dm500001,姚家东路与茂岭二号路路口,1,2,evening_peak,0.3021,0.0901,1.5753,0.9983,0.9983,41.0,0.4217,2.0914,TYPE2_LINE,False,True,True,True,False,True
011wwe28dtj00001,茂岭二号路与规划一号路路口,东进口左转,2,3,1,4,011wwe28dm500001,姚家东路与茂岭二号路路口,1,1,evening_peak,0.2422,0.0361,0.4037,0.7592,0.7592,28.8,0.2501,1.85,OTHER,False,False,False,True,False,True
011wwe28dtj00001,茂岭二号路与规划一号路路口,南进口直行,4,5,2,0,011wwe28dvh00001,南丰街与海右路路口,5,2,evening_peak,0.3153,0.0805,0.3153,0.6609,0.6609,57.8,0.1771,,WEAK_TYPE1,False,False,False,False,True,True
011wwe28dvh00001,南丰街与海右路路口,北进口直行,0,1,2,4,011wwe28dtj00001,茂岭二号路与规划一号路路口,1,2,evening_peak,0.1516,0.0075,0.4777,,,18.4,0.3021,0.9983,OTHER,False,False,False,True,False,True
011wwe28dvh00001,南丰街与海右路路口,东进口左转,2,3,1,4,011wwe28dtj00001,茂岭二号路与规划一号路路口,1,1,evening_peak,0.3345,0.0088,0.5198,,,39.0,0.2697,0.5421,WEAK_TYPE1,False,False,False,False,True,True
011wwe28dvh00001,南丰街与海右路路口,南进口直行,4,5,2,0,011wwe28ej500001,养浩街与海右路路口,5,2,evening_peak,0.1771,0.0103,0.2281,,,23.6,0.3605,0.0,OTHER,False,False,False,False,True,True
011wwe28dvh00001,南丰街与海右路路口,西进口左转,6,7,1,0,011wwe28ej500001,养浩街与海右路路口,5,1,evening_peak,0.0934,0.0024,0.8062,,,11.4,0.0866,0.0,OTHER,False,False,False,False,True,True
011wwe28dwj00001,坤顺路与东篱路路口,北进口左转,0,1,1,2,011wwe28dxj00001,坤顺路与坤顺路路口,7,1,evening_peak,0.1496,0.0103,0.2636,,,20.2,0.0164,,OTHER,False,False,False,False,True,True
011wwe28dwj00001,坤顺路与东篱路路口,东进口直行,2,3,2,6,011wwe28dtj00001,茂岭二号路与规划一号路路口,3,2,evening_peak,0.3252,0.0072,0.5121,,,36.2,,,OTHER,False,False,False,,,False
011wwe28dwj00001,坤顺路与东篱路路口,南进口左转,4,5,1,6,011wwe28dtj00001,茂岭二号路与规划一号路路口,3,1,evening_peak,0.2588,0.0037,0.2588,,,34.2,0.2422,0.7592,OTHER,False,False,False,False,True,True
011wwe28dwj00001,坤顺路与东篱路路口,西进口直行,6,7,2,2,011wwe28dxj00001,坤顺路与坤顺路路口,7,2,evening_peak,0.2011,0.031,0.3335,,,24.0,0.2915,,OTHER,False,False,False,False,True,True
011wwe28dxj00001,坤顺路与坤顺路路口,东进口直行,2,3,2,6,011wwe28dwj00001,坤顺路与东篱路路口,3,2,evening_peak,0.37,0.0099,0.5611,,,29.8,0.3252,,WEAK_TYPE1,False,False,False,False,True,True
011wwe28dxj00001,坤顺路与坤顺路路口,西进口直行,6,7,2,2,011wwe28dxv00001,坤顺路与坤顺路路口,7,2,evening_peak,0.2915,0.0152,0.5848,,,32.0,0.446,,OTHER,False,False,False,False,True,True
011wwe28dxv00001,坤顺路与坤顺路路口,东进口直行,2,3,2,6,011wwe28dxj00001,坤顺路与坤顺路路口,3,2,evening_peak,2.2328,0.0798,2.2328,,,126.4,0.37,,TYPE1_POINT,True,False,False,False,True,True
011wwe28dxv00001,坤顺路与坤顺路路口,西进口直行,6,7,2,2,011wwe28f9j00001,茂岭山三号路与规划一号路路口,7,2,evening_peak,0.446,0.0145,1.106,,,40.0,0.2608,,WEAK_TYPE1,False,False,False,False,True,True
011wwe28e6z00001,新泺大街与花影路路口,北进口左转,0,1,1,2,011wwe28ekp00001,新泺大街与齐风路路口,7,1,evening_peak,0.2325,0.0135,0.9826,,,16.8,0.0238,,OTHER,False,False,False,False,True,True
011wwe28e6z00001,新泺大街与花影路路口,东进口直行,2,3,2,6,011wwe28e9b00001,新泺大街与泺邑路路口,3,2,evening_peak,0.2455,0.0042,0.678,,,31.0,,0.4412,OTHER,False,False,False,,,False
011wwe28ecb00001,辛公南街与泺邑路路口,北进口左转,0,1,1,2,011wwe28eff00001,辛公北街与花影路路口,7,1,evening_peak,0.1048,0.001,0.1048,,,13.0,0.2017,,OTHER,False,False,False,False,True,True
011wwe28ecb00001,辛公南街与泺邑路路口,北进口直行,0,1,2,4,011wwe28e9b00001,新泺大街与泺邑路路口,1,2,evening_peak,0.0758,0.0014,0.6434,,,9.4,,0.4286,OTHER,False,False,False,,,False
011wwe28ecb00001,辛公南街与泺邑路路口,东进口左转,2,3,1,4,011wwe28e9b00001,新泺大街与泺邑路路口,1,1,evening_peak,0.2435,0.0094,0.2452,,,30.0,,0.3929,OTHER,False,False,False,,,False
011wwe28ecb00001,辛公南街与泺邑路路口,南进口直行,4,5,2,0,011wwe28ecr00001,天辰路与泺邑路路口,5,2,evening_peak,0.6163,0.0062,0.6163,,,79.2,0.3775,0.0,WEAK_TYPE1,False,False,False,False,True,True
011wwe28ecr00001,天辰路与泺邑路路口,南进口左转,4,5,1,6,011wwe287zs00001,天辰路与彤霞路路口,3,1,evening_peak,0.0512,0.002,0.2367,,0.2857,6.4,0.0,,OTHER,False,False,False,False,True,True
011wwe28ecr00001,天辰路与泺邑路路口,南进口直行,4,5,2,0,011wwe28s1k00001,文敏街与泺邑路路口,5,2,evening_peak,0.3775,0.0502,0.6206,,0.2857,47.2,0.3315,0.0,WEAK_TYPE1,False,False,False,False,True,True
011wwe28ecr00001,天辰路与泺邑路路口,西进口左转,6,7,1,0,011wwe28s1k00001,文敏街与泺邑路路口,5,1,evening_peak,0.0328,0.0012,0.0983,,,7.6,0.0357,0.0,OTHER,False,False,False,False,True,True
011wwe28ecr00001,天辰路与泺邑路路口,西进口直行,6,7,2,2,011wwe28s4900001,天辰路与无名道路路口,7,2,evening_peak,0.3896,0.0045,0.3896,,0.4444,90.4,0.1427,,WEAK_TYPE1,False,False,False,False,True,True
011wwe28eff00001,辛公北街与花影路路口,北进口左转,0,1,1,2,011wwe28egu00001,辛公北街与齐风路路口,7,1,evening_peak,0.1526,0.0059,0.5211,,,20.2,,,OTHER,False,False,False,,,False
011wwe28eff00001,辛公北街与花影路路口,北进口直行,0,1,2,4,011wwe28edu00001,辛公南街与花影路路口,1,2,evening_peak,0.1707,0.0065,0.2356,,,22.6,,,OTHER,False,False,False,,,False
011wwe28eff00001,辛公北街与花影路路口,东进口左转,2,3,1,4,011wwe28edu00001,辛公南街与花影路路口,1,1,evening_peak,0.1122,0.0008,0.2196,,,14.0,,,OTHER,False,False,False,,,False
011wwe28eff00001,辛公北街与花影路路口,东进口直行,2,3,2,6,011wwe28ecb00001,辛公南街与泺邑路路口,3,2,evening_peak,0.1475,0.0031,0.2485,,,18.4,,,OTHER,False,False,False,,,False
011wwe28eff00001,辛公北街与花影路路口,南进口左转,4,5,1,6,011wwe28ecb00001,辛公南街与泺邑路路口,3,1,evening_peak,0.2572,0.0152,0.3633,,,28.6,0.2435,,OTHER,False,False,False,False,True,True
011wwe28eff00001,辛公北街与花影路路口,西进口直行,6,7,2,2,011wwe28egu00001,辛公北街与齐风路路口,7,2,evening_peak,0.2098,0.0109,0.3839,,,25.8,0.261,,OTHER,False,False,False,False,True,True
011wwe28egu00001,辛公北街与齐风路路口,北进口直行,0,1,2,4,011wwe28ekp00001,新泺大街与齐风路路口,1,2,evening_peak,0.1316,0.0027,0.3258,,,16.8,0.0199,,OTHER,False,False,False,False,True,True
011wwe28egu00001,辛公北街与齐风路路口,东进口直行,2,3,2,6,011wwe28eff00001,辛公北街与花影路路口,3,2,evening_peak,0.2041,0.018,0.388,,,24.2,0.1475,,OTHER,False,False,False,False,True,True
011wwe28egu00001,辛公北街与齐风路路口,西进口直行,6,7,2,2,011wwe28euv00001,辛公北街与海右路路口,7,2,evening_peak,0.261,0.0223,0.437,,,33.2,0.0216,0.3429,OTHER,False,False,False,False,True,True
011wwe28eh500001,养浩街与齐风路路口,北进口左转,0,1,1,2,011wwe28ej500001,养浩街与海右路路口,7,1,evening_peak,0.192,0.0142,1.0134,,,23.1,0.094,0.0,OTHER,False,False,False,False,True,True
011wwe28eh500001,养浩街与齐风路路口,南进口直行,4,5,2,0,011wwe28ekp00001,新泺大街与齐风路路口,5,2,evening_peak,0.538,0.013,0.538,,,37.8,,,OTHER,False,False,False,,,False
011wwe28eh500001,养浩街与齐风路路口,西进口左转,6,7,1,0,011wwe28ekp00001,新泺大街与齐风路路口,5,1,evening_peak,0.0801,0.0006,0.2796,,,9.8,,,OTHER,False,False,False,,,False
011wwe28eh500001,养浩街与齐风路路口,西进口直行,6,7,2,2,011wwe28ej500001,养浩街与海右路路口,7,2,evening_peak,0.26,0.0045,1.1184,,,31.8,,,OTHER,False,False,False,,,False
011wwe28ej500001,养浩街与海右路路口,北进口直行,0,1,2,4,011wwe28dvh00001,南丰街与海右路路口,1,2,evening_peak,0.3692,0.1328,1.7407,,0.2419,42.0,0.1516,,WEAK_TYPE1,False,False,False,False,True,True
011wwe28ej500001,养浩街与海右路路口,南进口左转,4,5,1,6,011wwe28eh500001,养浩街与齐风路路口,3,1,evening_peak,0.0866,0.0025,0.2367,,0.2419,11.2,0.1086,,OTHER,False,False,False,False,True,True
011wwe28ej500001,养浩街与海右路路口,南进口直行,4,5,2,0,011wwe28em100002,海右路与海右路路口,5,2,evening_peak,0.3605,0.0875,0.3605,,0.2419,46.6,0.296,,WEAK_TYPE1,False,False,False,False,True,True
011wwe28ej500001,养浩街与海右路路口,西进口左转,6,7,1,0,011wwe28em100002,海右路与海右路路口,5,1,evening_peak,0.094,0.0042,0.2383,,0.4688,11.6,,,OTHER,False,False,False,,,False
011wwe28ekp00001,新泺大街与齐风路路口,北进口左转,0,1,1,2,011wwe28et000001,新泺大街与海右路路口,7,1,evening_peak,0.0277,0.0003,0.2027,,,12.8,,0.1524,OTHER,False,False,False,,,False
011wwe28ekp00001,新泺大街与齐风路路口,西进口直行,6,7,2,2,011wwe28et000001,新泺大街与海右路路口,7,2,evening_peak,0.1017,0.004,0.2846,,,12.8,,0.6857,OTHER,False,False,False,,,False
011wwe28em100001,海右路与海右路路口,北进口直行,0,1,2,4,011wwe28ej500001,养浩街与海右路路口,1,2,evening_peak,0.3955,0.0571,1.8163,,,45.2,0.3692,0.0,WEAK_TYPE1,False,False,False,False,True,True
011wwe28em100002,海右路与海右路路口,南进口直行,4,5,2,0,011wwe28et000001,新泺大街与海右路路口,5,2,evening_peak,0.296,0.0258,0.6673,,,33.8,,0.7429,OTHER,False,False,False,,,False
011wwe28etp00001,海右路与海右路路口,北进口直行,0,1,2,4,011wwe28et000001,新泺大街与海右路路口,1,2,evening_peak,0.1095,0.0041,0.6117,,,13.0,,0.8571,OTHER,False,False,False,,,False
011wwe28etp00001,海右路与海右路路口,南进口直行,4,5,2,0,011wwe28euv00001,辛公北街与海右路路口,5,2,evening_peak,0.1237,0.0144,0.2768,,,14.3,0.6922,0.4286,OTHER,False,False,False,False,True,True
011wwe28euv00001,辛公北街与海右路路口,北进口直行,0,1,2,4,011wwe28etp00001,海右路与海右路路口,1,2,evening_peak,0.5353,0.0454,1.1343,,0.2419,70.6,0.1095,,WEAK_TYPE1,False,False,False,False,True,True
011wwe28euv00001,辛公北街与海右路路口,东进口直行,2,3,2,6,011wwe28egu00001,辛公北街与齐风路路口,3,2,evening_peak,0.1952,0.0031,0.1952,,0.4688,12.6,0.2041,,OTHER,False,False,False,False,True,True
011wwe28euv00001,辛公北街与海右路路口,南进口左转,4,5,1,6,011wwe28egu00001,辛公北街与齐风路路口,3,1,evening_peak,0.1066,0.0023,0.1066,0.1857,0.2419,12.9,,,OTHER,False,False,False,,,False
011wwe28euv00001,辛公北街与海右路路口,南进口直行,4,5,2,0,011wwe28shs00001,天辰路与海右路路口,5,2,evening_peak,0.6922,0.1038,0.6922,0.4286,0.4286,83.8,0.3027,0.48,WEAK_TYPE1,False,False,False,False,True,True
011wwe28euv00001,辛公北街与海右路路口,西进口左转,6,7,1,0,011wwe28shs00001,天辰路与海右路路口,5,1,evening_peak,0.2475,0.0078,0.6727,0.3429,0.4688,29.8,0.1126,0.2571,OTHER,False,False,False,False,True,True
011wwe28f1400001,永绥路与山左路路口,南进口直行,4,5,2,0,011wwe28f3100001,茂岭山三号路与解放东路路口,5,2,evening_peak,0.2611,0.0065,0.3621,,,89.4,0.7339,0.0,OTHER,False,False,False,False,True,True
011wwe28f3100001,茂岭山三号路与解放东路路口,北进口左转,0,1,1,2,011wwe28f7c00001,解放东路与齐川路路口,7,1,evening_peak,0.2046,0.0627,0.5237,,0.3571,21.8,0.0343,0.0,OTHER,False,False,False,False,True,True
011wwe28f3100001,茂岭山三号路与解放东路路口,北进口直行,0,1,2,4,011wwe28f1400001,永绥路与山左路路口,1,2,evening_peak,0.505,0.232,0.8016,,0.3571,53.8,0.6265,,WEAK_TYPE1,False,False,False,False,True,True
011wwe28f3100001,茂岭山三号路与解放东路路口,东进口左转,2,3,1,4,011wwe28f1400001,永绥路与山左路路口,1,1,evening_peak,0.1003,0.0172,0.1697,,0.2542,31.2,0.1545,,OTHER,False,False,False,False,True,True
011wwe28f3100001,茂岭山三号路与解放东路路口,东进口直行,2,3,2,6,011wwe28drd00001,解放东路与解放东路路口,3,2,evening_peak,0.3555,0.0721,0.3555,,0.2542,110.6,0.5995,,WEAK_TYPE1,False,False,False,False,True,True
011wwe28f3100001,茂岭山三号路与解放东路路口,南进口左转,4,5,1,6,011wwe28drd00001,解放东路与解放东路路口,3,1,evening_peak,0.3066,0.0715,0.3531,,0.3846,35.6,0.7213,,WEAK_TYPE1,False,False,False,False,True,True
011wwe28f3100001,茂岭山三号路与解放东路路口,南进口直行,4,5,2,0,011wwe28f3p00001,书昌街与山左路路口,5,2,evening_peak,0.7339,0.1172,0.7339,,0.3846,85.2,0.3705,,WEAK_TYPE1,False,False,False,False,True,True
011wwe28f3100001,茂岭山三号路与解放东路路口,西进口左转,6,7,1,0,011wwe28f3p00001,书昌街与山左路路口,5,1,evening_peak,0.1768,0.0615,0.3065,,0.5172,34.9,0.2084,,OTHER,False,False,False,False,True,True
011wwe28f3100001,茂岭山三号路与解放东路路口,西进口直行,6,7,2,2,011wwe28f7c00001,解放东路与齐川路路口,7,2,evening_peak,0.535,0.1822,0.535,,0.2083,105.6,0.4404,0.0,WEAK_TYPE1,False,False,False,False,True,True
011wwe28f3p00001,书昌街与山左路路口,北进口直行,0,1,2,4,011wwe28f3100001,茂岭山三号路与解放东路路口,1,2,evening_peak,0.3447,0.0309,0.7989,,,37.8,0.505,0.0,WEAK_TYPE1,False,False,False,False,True,True
011wwe28f3p00001,书昌街与山左路路口,东进口左转,2,3,1,4,011wwe28f3100001,茂岭山三号路与解放东路路口,1,1,evening_peak,0.3507,0.0072,0.3507,,,37.0,0.2046,0.0,WEAK_TYPE1,False,False,False,False,True,True
011wwe28f3p00001,书昌街与山左路路口,南进口直行,4,5,2,0,011wwe28f9j00001,茂岭山三号路与规划一号路路口,5,2,evening_peak,0.3705,0.0574,2.6918,,,38.4,1.2078,,WEAK_TYPE2,False,False,False,True,False,True
011wwe28f5f00001,永绥路与齐音路路口,东进口直行,2,3,2,6,011wwe28f1400001,永绥路与山左路路口,3,2,evening_peak,0.0644,0.0011,0.3951,,,15.8,,,OTHER,False,False,False,,,False
011wwe28f5f00001,永绥路与齐音路路口,南进口左转,4,5,1,6,011wwe28f1400001,永绥路与山左路路口,3,1,evening_peak,0.1016,0.0017,0.1573,,,18.2,,,OTHER,False,False,False,,,False
011wwe28f5f00001,永绥路与齐音路路口,南进口直行,4,5,2,0,011wwe28f7c00001,解放东路与齐川路路口,5,2,evening_peak,0.0692,0.002,0.7689,,,12.4,0.3118,0.0,OTHER,False,False,False,False,True,True
011wwe28f5f00001,永绥路与齐音路路口,西进口左转,6,7,1,0,011wwe28f7c00001,解放东路与齐川路路口,5,1,evening_peak,0.2355,0.0116,0.4755,,,61.8,0.7494,,OTHER,False,False,False,False,True,True
011wwe28f7c00001,解放东路与齐川路路口,北进口左转,0,1,1,2,011wwe28fmc00001,奥体西路与解放东路路口,7,1,evening_peak,0.7222,0.0347,1.0814,1.2279,1.2279,80.0,,0.0,UNKNOWN_DOWNSTREAM,False,True,True,,,False
011wwe28f7c00001,解放东路与齐川路路口,北进口直行,0,1,2,4,011wwe28f5f00001,永绥路与齐音路路口,1,2,evening_peak,0.9731,0.0701,1.1013,1.0402,1.0402,107.8,0.1826,,TYPE1_POINT,True,True,True,False,True,True
011wwe28f7c00001,解放东路与齐川路路口,南进口左转,4,5,1,6,011wwe28f3100001,茂岭山三号路与解放东路路口,3,1,evening_peak,0.7494,0.0443,0.7494,,,87.0,0.1003,0.0,WEAK_TYPE1,False,False,False,False,True,True
011wwe28f7c00001,解放东路与齐川路路口,南进口直行,4,5,2,0,011wwe28f7z00001,书昌街与齐音路路口,5,2,evening_peak,0.3118,0.0346,0.5547,,0.3871,36.2,0.3737,,WEAK_TYPE1,False,False,False,False,True,True
011wwe28f7c00001,解放东路与齐川路路口,西进口左转,6,7,1,0,011wwe28f7z00001,书昌街与齐音路路口,5,1,evening_peak,0.0343,0.0066,0.1103,,0.4444,10.6,,,OTHER,False,False,False,,,False
011wwe28f7c00001,解放东路与齐川路路口,西进口直行,6,7,2,2,011wwe28fmc00001,奥体西路与解放东路路口,7,2,evening_peak,0.4404,0.0642,0.4404,,0.1429,136.2,,0.0,OTHER,False,False,False,,,False
011wwe28f7z00001,书昌街与齐音路路口,北进口直行,0,1,2,4,011wwe28f7c00001,解放东路与齐川路路口,1,2,evening_peak,0.378,0.0235,0.462,,,39.6,0.9731,1.0402,WEAK_TYPE2,False,False,False,True,False,True
011wwe28f7z00001,书昌街与齐音路路口,东进口左转,2,3,1,4,011wwe28f7c00001,解放东路与齐川路路口,1,1,evening_peak,0.1666,0.0072,0.2618,,,9.1,0.7222,1.2279,OTHER,False,False,False,True,False,True
011wwe28f7z00001,书昌街与齐音路路口,南进口直行,4,5,2,0,011wwe28fet00001,规划一号路与齐川路路口,5,2,evening_peak,0.3737,0.0569,0.5091,,,41.4,0.1289,,WEAK_TYPE1,False,False,False,False,True,True
011wwe28f7z00001,书昌街与齐音路路口,西进口左转,6,7,1,0,011wwe28fet00001,规划一号路与齐川路路口,5,1,evening_peak,0.0299,0.0009,0.1415,,,3.8,,,OTHER,False,False,False,,,False
011wwe28f7z00001,书昌街与齐音路路口,西进口直行,6,7,2,2,011wwe28fkz00001,书昌街与风鹏路路口,7,2,evening_peak,0.0644,0.0015,0.0692,,,8.2,0.1306,,OTHER,False,False,False,False,True,True
011wwe28f9j00001,茂岭山三号路与规划一号路路口,北进口左转,0,1,1,2,011wwe28fdt00001,坤顺路与雪晴路路口,7,1,evening_peak,0.0971,0.0069,0.1059,,,13.2,,,OTHER,False,False,False,,,False
011wwe28f9j00001,茂岭山三号路与规划一号路路口,北进口直行,0,1,2,4,011wwe28f3p00001,书昌街与山左路路口,1,2,evening_peak,0.4031,0.1424,1.4872,,,54.8,0.3447,,WEAK_TYPE1,False,False,False,False,True,True
011wwe28f9j00001,茂岭山三号路与规划一号路路口,东进口左转,2,3,1,4,011wwe28f3p00001,书昌街与山左路路口,1,1,evening_peak,0.1255,0.0181,0.2621,,,22.4,0.0565,,OTHER,False,False,False,False,True,True
011wwe28f9j00001,茂岭山三号路与规划一号路路口,南进口直行,4,5,2,0,011wwe28fck00001,汉臣街与山左路路口,5,2,evening_peak,1.2078,0.1022,1.2078,,,128.0,0.2149,,TYPE1_POINT,True,False,False,False,True,True
011wwe28f9j00001,茂岭山三号路与规划一号路路口,西进口直行,6,7,2,2,011wwe28fdt00001,坤顺路与雪晴路路口,7,2,evening_peak,0.2608,0.0485,0.3781,,,41.8,0.1784,,OTHER,False,False,False,False,True,True
011wwe28fck00001,汉臣街与山左路路口,北进口左转,0,1,1,2,011wwe28ffs00001,汉臣街与雪晴路路口,7,1,evening_peak,0.1633,0.0143,0.2719,,,20.3,,,OTHER,False,False,False,,,False
011wwe28fck00001,汉臣街与山左路路口,北进口直行,0,1,2,4,011wwe28f9j00001,茂岭山三号路与规划一号路路口,1,2,evening_peak,0.7965,0.0622,0.7965,,,99.0,0.4031,,WEAK_TYPE1,False,False,False,False,True,True
011wwe28fck00001,汉臣街与山左路路口,东进口左转,2,3,1,4,011wwe28f9j00001,茂岭山三号路与规划一号路路口,1,1,evening_peak,0.1916,0.0039,1.1804,,,14.8,0.0971,,OTHER,False,False,False,False,True,True
011wwe28fck00001,汉臣街与山左路路口,南进口直行,4,5,2,0,011wwe28g1e00001,养浩街与山左路路口,5,2,evening_peak,0.2149,0.0149,0.6361,,,29.4,0.326,,OTHER,False,False,False,False,True,True
011wwe28fck00001,汉臣街与山左路路口,西进口左转,6,7,1,0,011wwe28g1e00001,养浩街与山左路路口,5,1,evening_peak,0.2234,0.0175,0.2992,,,33.0,0.0689,,OTHER,False,False,False,False,True,True
011wwe28fck00001,汉臣街与山左路路口,西进口直行,6,7,2,2,011wwe28ffs00001,汉臣街与雪晴路路口,7,2,evening_peak,0.2721,0.0092,0.2979,,,40.2,,,OTHER,False,False,False,,,False
011wwe28fdt00001,坤顺路与雪晴路路口,东进口直行,2,3,2,6,011wwe28f9j00001,茂岭山三号路与规划一号路路口,3,2,evening_peak,0.1004,0.0033,0.1416,,,12.2,0.2072,,OTHER,False,False,False,False,True,True
011wwe28fdt00001,坤顺路与雪晴路路口,南进口左转,4,5,1,6,011wwe28f9j00001,茂岭山三号路与规划一号路路口,3,1,evening_peak,0.126,0.0033,0.9793,,,13.2,0.1255,,OTHER,False,False,False,False,True,True
011wwe28fdt00001,坤顺路与雪晴路路口,南进口直行,4,5,2,0,011wwe28ffs00001,汉臣街与雪晴路路口,5,2,evening_peak,0.3169,0.0065,1.3687,,,33.2,,,OTHER,False,False,False,,,False
011wwe28fdt00001,坤顺路与雪晴路路口,西进口直行,6,7,2,2,011wwe28fet00001,规划一号路与齐川路路口,7,2,evening_peak,0.1784,0.0043,0.1816,,,32.6,0.2915,,OTHER,False,False,False,False,True,True
011wwe28fet00001,规划一号路与齐川路路口,北进口直行,0,1,2,4,011wwe28f7z00001,书昌街与齐音路路口,1,2,evening_peak,0.1543,0.0234,0.2421,,,20.4,0.378,,OTHER,False,False,False,False,True,True
011wwe28fet00001,规划一号路与齐川路路口,东进口直行,2,3,2,6,011wwe28fdt00001,坤顺路与雪晴路路口,3,2,evening_peak,0.2883,0.0537,0.3818,,,36.4,0.1004,,OTHER,False,False,False,False,True,True
011wwe28fet00001,规划一号路与齐川路路口,南进口直行,4,5,2,0,011wwe28fgs00001,汉臣街与齐音路路口,5,2,evening_peak,0.1289,0.0125,0.2826,,,13.5,0.233,,OTHER,False,False,False,False,True,True
011wwe28fet00001,规划一号路与齐川路路口,西进口直行,6,7,2,2,011wwe28fsv00001,坤顺路与无名道路路口,7,2,evening_peak,0.2915,0.0404,0.2915,,,36.8,0.1684,,OTHER,False,False,False,False,True,True
011wwe28fgs00001,汉臣街与齐音路路口,北进口直行,0,1,2,4,011wwe28fet00001,规划一号路与齐川路路口,1,2,evening_peak,0.1834,0.0083,0.79,,,20.2,0.1543,,OTHER,False,False,False,False,True,True
011wwe28fgs00001,汉臣街与齐音路路口,东进口左转,2,3,1,4,011wwe28fet00001,规划一号路与齐川路路口,1,1,evening_peak,0.183,0.0026,0.3023,,,23.0,,,OTHER,False,False,False,,,False
011wwe28fgs00001,汉臣街与齐音路路口,南进口直行,4,5,2,0,011wwe28g5d00001,养浩街与齐音路路口,5,2,evening_peak,0.233,0.0064,1.1848,,,30.8,0.3033,,OTHER,False,False,False,False,True,True
011wwe28fgs00001,汉臣街与齐音路路口,西进口左转,6,7,1,0,011wwe28g5d00001,养浩街与齐音路路口,5,1,evening_peak,0.0864,0.0026,0.1336,,,10.6,,,OTHER,False,False,False,,,False
011wwe28fsv00001,坤顺路与无名道路路口,北进口左转,0,1,1,2,011wwe28fty00001,坤顺路与奥体西路路口,7,1,evening_peak,0.0323,0.0011,0.4489,0.1028,0.4444,4.0,0.4505,1.1645,OTHER,False,False,False,True,False,True
011wwe28fsv00001,坤顺路与无名道路路口,北进口直行,0,1,2,4,011wwe28fkz00001,书昌街与风鹏路路口,1,2,evening_peak,0.1276,0.0025,0.3391,0.2828,0.4444,15.8,1.1536,,OTHER,False,False,False,True,False,True
011wwe28fsv00001,坤顺路与无名道路路口,东进口左转,2,3,1,4,011wwe28fkz00001,书昌街与风鹏路路口,1,1,evening_peak,0.2764,0.0136,0.2764,0.5085,0.5085,30.8,0.1254,,OTHER,False,False,False,False,True,True
011wwe28fsv00001,坤顺路与无名道路路口,东进口直行,2,3,2,6,011wwe28fet00001,规划一号路与齐川路路口,3,2,evening_peak,0.2136,0.0282,0.8041,0.3098,0.3098,23.8,0.2883,,OTHER,False,False,False,False,True,True
011wwe28fsv00001,坤顺路与无名道路路口,西进口直行,6,7,2,2,011wwe28fty00001,坤顺路与奥体西路路口,7,2,evening_peak,0.1684,0.0217,0.5338,,,21.2,0.486,1.2809,OTHER,False,False,False,True,False,True
011wwe28fty00001,坤顺路与奥体西路路口,北进口左转,0,1,1,2,011wwe2948q00001,坤顺路与礼耕路路口,7,1,evening_peak,0.1142,0.0214,0.2074,1.3459,1.3459,40.8,0.0621,0.3331,TYPE1_POINT,False,True,True,False,True,True
011wwe28fty00001,坤顺路与奥体西路路口,北进口直行,0,1,2,4,011wwe28fmc00001,奥体西路与解放东路路口,1,2,evening_peak,0.1075,0.038,0.1792,1.5446,1.5446,38.4,,0.0,UNKNOWN_DOWNSTREAM,False,True,True,,,False
011wwe28fty00001,坤顺路与奥体西路路口,东进口左转,2,3,1,4,011wwe28fmc00001,奥体西路与解放东路路口,1,1,evening_peak,0.1666,0.0146,0.4676,1.3829,1.3829,32.6,,0.0,UNKNOWN_DOWNSTREAM,False,True,True,,,False
011wwe28fty00001,坤顺路与奥体西路路口,东进口直行,2,3,2,6,011wwe28fsv00001,坤顺路与无名道路路口,3,2,evening_peak,0.2596,0.0553,0.7216,1.9487,1.9487,50.8,0.2136,0.3098,TYPE1_POINT,False,True,True,False,True,True
011wwe28fty00001,坤顺路与奥体西路路口,南进口左转,4,5,1,6,011wwe28fsv00001,坤顺路与无名道路路口,3,1,evening_peak,0.064,0.0147,0.0867,0.531,0.5405,13.8,0.2764,0.5085,OTHER,False,False,False,False,True,True
011wwe28fty00001,坤顺路与奥体西路路口,南进口直行,4,5,2,0,011wwe28gm900001,安成街与奥体西路路口,5,2,evening_peak,0.4822,0.0816,0.509,1.501,1.501,104.0,0.1814,0.0,TYPE1_POINT,False,True,True,False,True,True
011wwe28fty00001,坤顺路与奥体西路路口,西进口左转,6,7,1,0,011wwe28gm900001,安成街与奥体西路路口,5,1,evening_peak,0.4505,0.06,0.4505,1.1645,1.1645,50.8,0.0673,0.0,TYPE1_POINT,False,True,True,False,True,True
011wwe28fty00001,坤顺路与奥体西路路口,西进口直行,6,7,2,2,011wwe2948q00001,坤顺路与礼耕路路口,7,2,evening_peak,0.486,0.0954,0.486,1.2809,1.2809,54.8,0.1353,0.3331,TYPE1_POINT,False,True,True,False,True,True
011wwe28g1e00001,养浩街与山左路路口,北进口左转,0,1,1,2,011wwe28g4d00001,养浩街与雪晴路路口,7,1,evening_peak,0.1356,0.0052,0.3429,,,16.1,0.0529,,OTHER,False,False,False,False,True,True
011wwe28g1e00001,养浩街与山左路路口,南进口直行,4,5,2,0,011wwe28g3900001,无名道路与山左路路口,5,2,evening_peak,0.326,0.0698,0.6654,,,38.8,0.998,,WEAK_TYPE2,False,False,False,True,False,True
011wwe28g3900001,无名道路与山左路路口,北进口左转,0,1,1,2,011wwe28g6900001,无名道路与雪晴路路口,7,1,evening_peak,0.0679,0.0029,0.0725,,,17.5,,,OTHER,False,False,False,,,False
011wwe28g3900001,无名道路与山左路路口,北进口直行,0,1,2,4,011wwe28g1e00001,养浩街与山左路路口,1,2,evening_peak,0.1861,0.0187,0.2877,,,48.0,0.9773,,OTHER,False,False,False,True,False,True
011wwe28g4d00001,养浩街与雪晴路路口,北进口左转,0,1,1,2,011wwe28g5d00001,养浩街与齐音路路口,7,1,evening_peak,0.2512,0.0086,0.5432,,,17.2,,,OTHER,False,False,False,,,False
011wwe28g4d00001,养浩街与雪晴路路口,北进口直行,0,1,2,4,011wwe28ffs00001,汉臣街与雪晴路路口,1,2,evening_peak,0.4118,0.0183,0.9463,,,28.2,,,OTHER,False,False,False,,,False
011wwe28g4d00001,养浩街与雪晴路路口,东进口左转,2,3,1,4,011wwe28ffs00001,汉臣街与雪晴路路口,1,1,evening_peak,0.0992,0.0007,0.1224,,,12.0,,,OTHER,False,False,False,,,False
011wwe28g4d00001,养浩街与雪晴路路口,东进口直行,2,3,2,6,011wwe28g1e00001,养浩街与山左路路口,3,2,evening_peak,0.1621,0.0029,0.253,,,19.6,0.0904,,OTHER,False,False,False,False,True,True
011wwe28g4d00001,养浩街与雪晴路路口,西进口左转,6,7,1,0,011wwe28g6900001,无名道路与雪晴路路口,5,1,evening_peak,0.0529,0.0006,0.148,,,6.4,0.3358,,OTHER,False,False,False,False,True,True
011wwe28g4d00001,养浩街与雪晴路路口,西进口直行,6,7,2,2,011wwe28g5d00001,养浩街与齐音路路口,7,2,evening_peak,0.1687,0.0074,1.5366,,,20.4,0.1257,,OTHER,False,False,False,False,True,True
011wwe28g5d00001,养浩街与齐音路路口,北进口直行,0,1,2,4,011wwe28fgs00001,汉臣街与齐音路路口,1,2,evening_peak,0.2878,0.0167,1.6062,,,34.8,0.1834,,OTHER,False,False,False,False,True,True
011wwe28g5d00001,养浩街与齐音路路口,东进口左转,2,3,1,4,011wwe28fgs00001,汉臣街与齐音路路口,1,1,evening_peak,0.0913,0.003,0.2526,,,12.0,,,OTHER,False,False,False,,,False
011wwe28g5d00001,养浩街与齐音路路口,东进口直行,2,3,2,6,011wwe28g4d00001,养浩街与雪晴路路口,3,2,evening_peak,0.4762,0.0127,1.0377,,,62.6,0.1621,,WEAK_TYPE1,False,False,False,False,True,True
011wwe28g5d00001,养浩街与齐音路路口,南进口直行,4,5,2,0,011wwe28g7c00001,安成街与齐音路路口,5,2,evening_peak,0.3033,0.0067,0.3487,,,33.4,0.6401,,WEAK_TYPE1,False,False,False,False,True,True
011wwe28g6900001,无名道路与雪晴路路口,东进口直行,2,3,2,6,011wwe28g3900001,无名道路与山左路路口,3,2,evening_peak,0.1625,0.0015,0.1625,,,21.2,,,OTHER,False,False,False,,,False
011wwe28g6900001,无名道路与雪晴路路口,南进口左转,4,5,1,6,011wwe28g3900001,无名道路与山左路路口,3,1,evening_peak,0.3358,0.0113,0.4743,,,38.8,,,OTHER,False,False,False,,,False
011wwe28g6900001,无名道路与雪晴路路口,西进口直行,6,7,2,2,011wwe28g7c00001,安成街与齐音路路口,7,2,evening_peak,0.2315,0.0166,0.3428,,,26.2,0.1395,,OTHER,False,False,False,False,True,True
011wwe28g7c00001,安成街与齐音路路口,北进口左转,0,1,1,2,011wwe28gkc00001,安成街与无名道路路口,7,1,evening_peak,0.2023,0.0089,0.6745,,,34.8,,,OTHER,False,False,False,,,False
011wwe28g7c00001,安成街与齐音路路口,北进口直行,0,1,2,4,011wwe28g5d00001,养浩街与齐音路路口,1,2,evening_peak,0.3372,0.0364,0.578,,,58.0,0.2878,,WEAK_TYPE1,False,False,False,False,True,True
011wwe28g7c00001,安成街与齐音路路口,东进口直行,2,3,2,6,011wwe28g6900001,无名道路与雪晴路路口,3,2,evening_peak,0.1312,0.0229,0.4436,,,16.8,0.1625,,OTHER,False,False,False,False,True,True
011wwe28g7c00001,安成街与齐音路路口,南进口左转,4,5,1,6,011wwe28g6900001,无名道路与雪晴路路口,3,1,evening_peak,0.3945,0.0058,0.5326,,,47.7,0.0491,,WEAK_TYPE1,False,False,False,False,True,True
011wwe28g7c00001,安成街与齐音路路口,南进口直行,4,5,2,0,011wwe28ged00001,秦公街与齐音路路口,5,2,evening_peak,0.6401,0.0547,1.7203,,,77.4,0.3384,,WEAK_TYPE1,False,False,False,False,True,True
011wwe28g7c00001,安成街与齐音路路口,西进口左转,6,7,1,0,011wwe28ged00001,秦公街与齐音路路口,5,1,evening_peak,0.19,0.0042,0.5747,,,24.8,0.1814,,OTHER,False,False,False,False,True,True
011wwe28g7c00001,安成街与齐音路路口,西进口直行,6,7,2,2,011wwe28gkc00001,安成街与无名道路路口,7,2,evening_peak,0.1395,0.0062,0.3586,,,18.2,0.15,,OTHER,False,False,False,False,True,True
011wwe28gch00001,无名道路与山左路路口,北进口直行,0,1,2,4,011wwe28g9r00001,新泺大街与茂岭山三号路路口,1,2,evening_peak,0.227,0.0041,0.3032,,,31.0,,,OTHER,False,False,False,,,False
011wwe28gch00001,无名道路与山左路路口,南进口直行,4,5,2,0,011wwe28u0g00001,无名道路与山左路路口,5,2,evening_peak,0.2419,0.0146,1.3663,,,22.8,0.5189,,OTHER,False,False,False,False,True,True
011wwe28ged00001,秦公街与齐音路路口,北进口直行,0,1,2,4,011wwe28g7c00001,安成街与齐音路路口,1,2,evening_peak,0.2117,0.0183,0.3676,,,31.8,0.3372,,OTHER,False,False,False,False,True,True
011wwe28ged00001,秦公街与齐音路路口,东进口左转,2,3,1,4,011wwe28g7c00001,安成街与齐音路路口,1,1,evening_peak,0.2195,0.0109,0.2943,,,18.8,0.2023,,OTHER,False,False,False,False,True,True
011wwe28ged00001,秦公街与齐音路路口,南进口直行,4,5,2,0,011wwe28gg600001,新泺大街与齐音路路口,5,2,evening_peak,0.3384,0.0235,0.9629,,,58.2,0.2091,,WEAK_TYPE1,False,False,False,False,True,True
011wwe28gf200001,新泺大街与星天路路口,东进口直行,2,3,2,6,011wwe28g9r00001,新泺大街与茂岭山三号路路口,3,2,evening_peak,0.2506,0.0161,0.3509,,,32.0,,,OTHER,False,False,False,,,False
011wwe28gg600001,新泺大街与齐音路路口,北进口左转,0,1,1,2,011wwe28gvj00001,奥体西路与新泺大街路口,7,1,evening_peak,0.4223,0.0115,0.4223,0.2155,0.3243,42.6,0.1171,,WEAK_TYPE1,False,False,False,False,True,True
011wwe28gg600001,新泺大街与齐音路路口,北进口直行,0,1,2,4,011wwe28ged00001,秦公街与齐音路路口,1,2,evening_peak,0.2062,0.0254,0.4659,0.2743,0.3243,20.8,0.2117,,OTHER,False,False,False,False,True,True
011wwe28gg600001,新泺大街与齐音路路口,东进口左转,2,3,1,4,011wwe28ged00001,秦公街与齐音路路口,1,1,evening_peak,0.0978,0.0094,0.1106,0.2155,0.3243,19.8,0.0693,,OTHER,False,False,False,False,True,True
011wwe28gg600001,新泺大街与齐音路路口,东进口直行,2,3,2,6,011wwe28gf200001,新泺大街与星天路路口,3,2,evening_peak,0.3744,0.1246,0.3744,0.8816,0.8816,75.8,0.2506,,TYPE1_POINT,False,False,True,False,True,True
011wwe28gg600001,新泺大街与齐音路路口,南进口左转,4,5,1,6,011wwe28gf200001,新泺大街与星天路路口,3,1,evening_peak,0.2783,0.0255,0.2783,0.2351,0.3243,41.8,0.0423,,OTHER,False,False,False,False,True,True
011wwe28gg600001,新泺大街与齐音路路口,南进口直行,4,5,2,0,011wwe28u5000001,易安南街与齐音路路口,5,2,evening_peak,0.2091,0.023,0.4488,,,31.4,0.2954,,OTHER,False,False,False,False,True,True
011wwe28gg600001,新泺大街与齐音路路口,西进口左转,6,7,1,0,011wwe28u5000001,易安南街与齐音路路口,5,1,evening_peak,0.0801,0.0031,0.1295,0.1176,0.3243,10.2,0.1408,,OTHER,False,False,False,False,True,True
011wwe28gg600001,新泺大街与齐音路路口,西进口直行,6,7,2,2,011wwe28gvj00001,奥体西路与新泺大街路口,7,2,evening_peak,0.7645,0.2102,1.0565,0.7445,0.7445,97.4,0.2382,,WEAK_TYPE1,False,False,False,False,True,True
011wwe28gkc00001,安成街与无名道路路口,东进口直行,2,3,2,6,011wwe28g7c00001,安成街与齐音路路口,3,2,evening_peak,0.3278,0.039,0.6439,,,30.8,0.1312,,WEAK_TYPE1,False,False,False,False,True,True
011wwe28gkc00001,安成街与无名道路路口,南进口左转,4,5,1,6,011wwe28g7c00001,安成街与齐音路路口,3,1,evening_peak,0.1085,0.0018,0.5712,,,12.6,,,OTHER,False,False,False,,,False
011wwe28gkc00001,安成街与无名道路路口,西进口直行,6,7,2,2,011wwe28gm900001,安成街与奥体西路路口,7,2,evening_peak,0.15,0.0104,0.3421,,,19.2,0.3894,0.0,OTHER,False,False,False,False,True,True
011wwe28gm900001,安成街与奥体西路路口,北进口左转,0,1,1,2,011wwe2952100001,安成街与大辛河西路路口,7,1,evening_peak,0.0296,0.0038,0.11,,0.2985,11.1,0.033,0.0,OTHER,False,False,False,False,True,True
011wwe28gm900001,安成街与奥体西路路口,北进口直行,0,1,2,4,011wwe28fty00001,坤顺路与奥体西路路口,1,2,evening_peak,0.1607,0.0525,0.3305,,0.2985,60.2,0.1075,1.5446,OTHER,False,False,False,True,False,True
011wwe28gm900001,安成街与奥体西路路口,东进口左转,2,3,1,4,011wwe28fty00001,坤顺路与奥体西路路口,1,1,evening_peak,0.1178,0.0167,0.2757,,0.4082,35.2,0.1142,1.3459,OTHER,False,False,False,True,False,True
011wwe28gm900001,安成街与奥体西路路口,东进口直行,2,3,2,6,011wwe28gkc00001,安成街与无名道路路口,3,2,evening_peak,0.1312,0.0126,0.1312,,0.4082,39.2,0.3278,,OTHER,False,False,False,False,True,True
011wwe28gm900001,安成街与奥体西路路口,南进口左转,4,5,1,6,011wwe28gkc00001,安成街与无名道路路口,3,1,evening_peak,0.0673,0.0082,0.2036,,0.2381,24.0,0.1916,,OTHER,False,False,False,False,True,True
011wwe28gm900001,安成街与奥体西路路口,南进口直行,4,5,2,0,011wwe28gvj00001,奥体西路与新泺大街路口,5,2,evening_peak,0.1814,0.0425,0.3,,0.2381,64.7,0.123,,OTHER,False,False,False,False,True,True
011wwe28gm900001,安成街与奥体西路路口,西进口左转,6,7,1,0,011wwe28gvj00001,奥体西路与新泺大街路口,5,1,evening_peak,0.1852,0.0175,0.1852,,0.4082,17.5,0.0922,,OTHER,False,False,False,False,True,True
011wwe28gm900001,安成街与奥体西路路口,西进口直行,6,7,2,2,011wwe2952100001,安成街与大辛河西路路口,7,2,evening_peak,0.3894,0.0495,0.5651,,0.4082,36.8,0.1126,0.0,WEAK_TYPE1,False,False,False,False,True,True
011wwe28gvj00001,奥体西路与新泺大街路口,北进口左转,0,1,1,2,011wwe28gyu00001,新泺大街与大辛河西路路口,7,1,evening_peak,0.0513,0.0054,0.1755,,,18.8,0.1019,,OTHER,False,False,False,False,True,True
011wwe28gvj00001,奥体西路与新泺大街路口,北进口直行,0,1,2,4,011wwe28gm900001,安成街与奥体西路路口,1,2,evening_peak,0.1607,0.0513,0.3032,,,58.9,0.1607,0.0,OTHER,False,False,False,False,True,True
011wwe28gvj00001,奥体西路与新泺大街路口,东进口左转,2,3,1,4,011wwe28gm900001,安成街与奥体西路路口,1,1,evening_peak,0.1019,0.0143,0.182,,,22.5,0.0296,0.0,OTHER,False,False,False,False,True,True
011wwe28gvj00001,奥体西路与新泺大街路口,东进口直行,2,3,2,6,011wwe28gg600001,新泺大街与齐音路路口,3,2,evening_peak,0.3541,0.1674,0.4266,,,78.2,0.3744,0.8816,WEAK_TYPE2,False,False,False,True,False,True
011wwe28gvj00001,奥体西路与新泺大街路口,南进口左转,4,5,1,6,011wwe28gg600001,新泺大街与齐音路路口,3,1,evening_peak,0.0922,0.0142,0.0956,,,34.7,0.0978,0.2155,OTHER,False,False,False,False,True,True
011wwe28gvj00001,奥体西路与新泺大街路口,南进口直行,4,5,2,0,011wwe28usb00001,天辰路与奥体西路路口,5,2,evening_peak,0.123,0.0519,0.2034,,,46.3,0.2066,,OTHER,False,False,False,False,True,True
011wwe28gvj00001,奥体西路与新泺大街路口,西进口左转,6,7,1,0,011wwe28usb00001,天辰路与奥体西路路口,5,1,evening_peak,0.1171,0.0301,0.2709,,,23.6,0.0643,,OTHER,False,False,False,False,True,True
011wwe28gvj00001,奥体西路与新泺大街路口,西进口直行,6,7,2,2,011wwe28gyu00001,新泺大街与大辛河西路路口,7,2,evening_peak,0.2382,0.0694,0.2382,,,48.0,0.2207,,OTHER,False,False,False,False,True,True
011wwe28gyu00001,新泺大街与大辛河西路路口,北进口左转,0,1,1,2,011wwe295cm00001,奥体中路与新泺大街路口,7,1,evening_peak,0.022,0.001,0.1739,,,9.2,0.0706,0.0,OTHER,False,False,False,False,True,True
011wwe28gyu00001,新泺大街与大辛河西路路口,东进口直行,2,3,2,6,011wwe28gvj00001,奥体西路与新泺大街路口,3,2,evening_peak,0.3936,0.075,0.3936,,,113.4,0.3541,,WEAK_TYPE1,False,False,False,False,True,True
011wwe28gyu00001,新泺大街与大辛河西路路口,西进口左转,6,7,1,0,011wwe28uwg00001,天辰路与大辛河西路路口,5,1,evening_peak,0.1019,0.0089,0.1019,,,22.8,0.0497,0.0,OTHER,False,False,False,False,True,True
011wwe28gyu00001,新泺大街与大辛河西路路口,西进口直行,6,7,2,2,011wwe295cm00001,奥体中路与新泺大街路口,7,2,evening_peak,0.2207,0.06,0.5343,,,49.4,0.3641,0.0,OTHER,False,False,False,False,True,True
011wwe28k6d00001,华信路与工业南路路口,北进口左转,0,1,1,2,011wwe28s8e00001,工业南路与泺邑路路口,7,1,evening_peak,0.2941,0.0491,0.3659,,0.4722,25.4,0.0342,0.8498,OTHER,False,False,False,True,False,True
011wwe28kp600001,文敏街与彤霞路路口,北进口左转,0,1,1,2,011wwe28s1k00001,文敏街与泺邑路路口,7,1,evening_peak,0.2918,0.004,0.2918,,0.375,40.0,0.1054,0.0,OTHER,False,False,False,False,True,True
011wwe28kp600001,文敏街与彤霞路路口,北进口直行,0,1,2,4,011wwe287zs00001,天辰路与彤霞路路口,1,2,evening_peak,0.0919,0.0075,0.1561,,0.375,12.6,0.2633,,OTHER,False,False,False,False,True,True
011wwe28kp600001,文敏街与彤霞路路口,东进口左转,2,3,1,4,011wwe287zs00001,天辰路与彤霞路路口,1,1,evening_peak,0.1924,0.0039,0.1924,,0.375,44.1,0.3547,,OTHER,False,False,False,False,True,True
011wwe28kp600001,文敏街与彤霞路路口,南进口直行,4,5,2,0,011wwe28kr100001,虞舜街与彤霞路路口,5,2,evening_peak,0.2028,0.0071,0.5593,,,11.6,0.1115,,OTHER,False,False,False,False,True,True
011wwe28kp600001,文敏街与彤霞路路口,西进口左转,6,7,1,0,011wwe28kr100001,虞舜街与彤霞路路口,5,1,evening_peak,0.0118,0.0003,0.1132,,0.375,4.0,0.0264,,OTHER,False,False,False,False,True,True
011wwe28kp600001,文敏街与彤霞路路口,西进口直行,6,7,2,2,011wwe28s1k00001,文敏街与泺邑路路口,7,2,evening_peak,0.1309,0.0048,0.6969,,0.375,44.4,0.0714,,OTHER,False,False,False,False,True,True
011wwe28kr100001,虞舜街与彤霞路路口,东进口左转,2,3,1,4,011wwe28kp600001,文敏街与彤霞路路口,1,1,evening_peak,0.1524,0.0019,0.1524,,,34.0,0.2918,0.0,OTHER,False,False,False,False,True,True
011wwe28s1k00001,文敏街与泺邑路路口,北进口直行,0,1,2,4,011wwe28ecr00001,天辰路与泺邑路路口,1,2,evening_peak,0.1934,0.0602,0.5409,,0.3243,27.6,,,OTHER,False,False,False,,,False
011wwe28s1k00001,文敏街与泺邑路路口,东进口左转,2,3,1,4,011wwe28ecr00001,天辰路与泺邑路路口,1,1,evening_peak,0.1898,0.0102,0.8893,0.1071,0.375,10.8,,,OTHER,False,False,False,,,False
011wwe28s1k00001,文敏街与泺邑路路口,东进口直行,2,3,2,6,011wwe28kp600001,文敏街与彤霞路路口,3,2,evening_peak,0.2355,0.0084,0.2777,,,13.4,0.321,0.0,OTHER,False,False,False,False,True,True
011wwe28s1k00001,文敏街与泺邑路路口,南进口左转,4,5,1,6,011wwe28kp600001,文敏街与彤霞路路口,3,1,evening_peak,0.0357,0.0017,0.0675,,0.3243,3.6,0.1924,0.0,OTHER,False,False,False,False,True,True
011wwe28s1k00001,文敏街与泺邑路路口,南进口直行,4,5,2,0,011wwe28s2u00001,虞舜街与泺邑路路口,5,2,evening_peak,0.3315,0.0136,0.4268,,0.3243,33.4,0.0279,,WEAK_TYPE1,False,False,False,False,True,True
011wwe28s1k00001,文敏街与泺邑路路口,西进口左转,6,7,1,0,011wwe28s2u00001,虞舜街与泺邑路路口,5,1,evening_peak,0.1054,0.0029,0.2248,,0.375,24.2,0.0,,OTHER,False,False,False,False,True,True
011wwe28s1k00001,文敏街与泺邑路路口,西进口直行,6,7,2,2,011wwe28s7300001,文敏街与齐风路路口,7,2,evening_peak,0.0714,0.0048,0.1429,,,16.4,,,OTHER,False,False,False,,,False
011wwe28s2u00001,虞舜街与泺邑路路口,北进口左转,0,1,1,2,011wwe28se000001,虞舜街与齐风路路口,7,1,evening_peak,0.0,0.0,0.0138,,,,0.0315,,OTHER,False,False,False,False,True,True
011wwe28s2u00001,虞舜街与泺邑路路口,北进口直行,0,1,2,4,011wwe28s1k00001,文敏街与泺邑路路口,1,2,evening_peak,0.1101,0.0078,0.4661,,,12.8,0.1934,0.0,OTHER,False,False,False,False,True,True
011wwe28s2u00001,虞舜街与泺邑路路口,东进口左转,2,3,1,4,011wwe28s1k00001,文敏街与泺邑路路口,1,1,evening_peak,0.0,0.0,0.0509,,,,,,OTHER,False,False,False,,,False
011wwe28s2u00001,虞舜街与泺邑路路口,东进口直行,2,3,2,6,011wwe28kr100001,虞舜街与彤霞路路口,3,2,evening_peak,0.0067,0.0001,0.0082,,,1.8,0.0161,,OTHER,False,False,False,False,True,True
011wwe28s2u00001,虞舜街与泺邑路路口,南进口左转,4,5,1,6,011wwe28kr100001,虞舜街与彤霞路路口,3,1,evening_peak,0.0,0.0,0.0028,,,,0.1524,,OTHER,False,False,False,False,True,True
011wwe28s2u00001,虞舜街与泺邑路路口,南进口直行,4,5,2,0,011wwe28s8e00001,工业南路与泺邑路路口,5,2,evening_peak,0.0279,0.0005,0.1716,,,4.0,,,OTHER,False,False,False,,,False
011wwe28s4900001,天辰路与无名道路路口,东进口左转,2,3,1,4,011wwe28eff00001,辛公北街与花影路路口,1,1,evening_peak,0.1062,0.0035,0.1278,,,12.8,0.1526,,OTHER,False,False,False,False,True,True
011wwe28s4900001,天辰路与无名道路路口,西进口直行,6,7,2,2,011wwe28s5d00001,天辰路与齐风路路口,7,2,evening_peak,0.1427,0.0111,0.2254,,,19.0,0.2032,,OTHER,False,False,False,False,True,True
011wwe28s5d00001,天辰路与齐风路路口,北进口左转,0,1,1,2,011wwe28shs00001,天辰路与海右路路口,7,1,evening_peak,0.1004,0.0026,0.3138,,,12.8,,,OTHER,False,False,False,,,False
011wwe28s5d00001,天辰路与齐风路路口,北进口直行,0,1,2,4,011wwe28egu00001,辛公北街与齐风路路口,1,2,evening_peak,0.0722,0.0018,0.1506,,,9.2,0.1316,,OTHER,False,False,False,False,True,True
011wwe28s5d00001,天辰路与齐风路路口,东进口左转,2,3,1,4,011wwe28egu00001,辛公北街与齐风路路口,1,1,evening_peak,0.1424,0.0034,0.288,,,17.8,,,OTHER,False,False,False,,,False
011wwe28s5d00001,天辰路与齐风路路口,东进口直行,2,3,2,6,011wwe28s4900001,天辰路与无名道路路口,3,2,evening_peak,0.3345,0.0322,0.4385,,,41.8,0.1544,,WEAK_TYPE1,False,False,False,False,True,True
011wwe28s5d00001,天辰路与齐风路路口,南进口左转,4,5,1,6,011wwe28s4900001,天辰路与无名道路路口,3,1,evening_peak,0.1048,0.0013,0.2377,,,13.4,0.1062,,OTHER,False,False,False,False,True,True
011wwe28s5d00001,天辰路与齐风路路口,南进口直行,4,5,2,0,011wwe28s7300001,文敏街与齐风路路口,5,2,evening_peak,0.1126,0.0048,0.2737,,,14.4,0.107,,OTHER,False,False,False,False,True,True
011wwe28s5d00001,天辰路与齐风路路口,西进口直行,6,7,2,2,011wwe28shs00001,天辰路与海右路路口,7,2,evening_peak,0.2032,0.0118,0.2032,,,24.6,0.1229,0.2357,OTHER,False,False,False,False,True,True
011wwe28s7300001,文敏街与齐风路路口,北进口左转,0,1,1,2,011wwe28sk700001,文敏街与海右路路口,7,1,evening_peak,0.1457,0.0023,0.317,,,18.2,0.1053,0.1429,OTHER,False,False,False,False,True,True
011wwe28s7300001,文敏街与齐风路路口,北进口直行,0,1,2,4,011wwe28s5d00001,天辰路与齐风路路口,1,2,evening_peak,0.1265,0.0021,0.1569,,,15.8,0.0722,,OTHER,False,False,False,False,True,True
011wwe28s7300001,文敏街与齐风路路口,东进口左转,2,3,1,4,011wwe28s5d00001,天辰路与齐风路路口,1,1,evening_peak,0.1129,0.0036,0.1355,,,14.0,0.1004,,OTHER,False,False,False,False,True,True
011wwe28s7300001,文敏街与齐风路路口,南进口直行,4,5,2,0,011wwe28se000001,虞舜街与齐风路路口,5,2,evening_peak,0.107,0.0038,0.1746,,,13.6,0.053,,OTHER,False,False,False,False,True,True
011wwe28s8e00001,工业南路与泺邑路路口,东进口左转,2,3,1,4,011wwe28s2u00001,虞舜街与泺邑路路口,1,1,evening_peak,0.167,0.053,0.2032,1.2973,1.2973,53.6,0.0,,TYPE1_POINT,False,True,True,False,True,True
011wwe28s8e00001,工业南路与泺邑路路口,西进口直行,6,7,2,2,011wwe28sgb00001,工业南路与茂岭二号路路口,7,2,evening_peak,0.0798,0.0271,0.2241,1.1487,1.1487,59.8,0.1756,1.6054,TYPE2_LINE,False,True,True,True,False,True
011wwe28se000001,虞舜街与齐风路路口,北进口左转,0,1,1,2,011wwe28ss100001,虞舜街与海右路路口,7,1,evening_peak,0.0439,0.0006,0.119,,,4.8,,0.0857,OTHER,False,False,False,,,False
011wwe28se000001,虞舜街与齐风路路口,北进口直行,0,1,2,4,011wwe28s7300001,文敏街与齐风路路口,1,2,evening_peak,0.3515,0.0064,0.6608,,,38.4,0.1265,,WEAK_TYPE1,False,False,False,False,True,True
011wwe28se000001,虞舜街与齐风路路口,东进口左转,2,3,1,4,011wwe28s7300001,文敏街与齐风路路口,1,1,evening_peak,0.0688,0.0013,0.5864,,,7.6,0.1457,,OTHER,False,False,False,False,True,True
011wwe28se000001,虞舜街与齐风路路口,东进口直行,2,3,2,6,011wwe28s2u00001,虞舜街与泺邑路路口,3,2,evening_peak,0.1792,0.0036,0.1792,,,19.8,0.0067,,OTHER,False,False,False,False,True,True
011wwe28se000001,虞舜街与齐风路路口,南进口左转,4,5,1,6,011wwe28s2u00001,虞舜街与泺邑路路口,3,1,evening_peak,0.0722,0.0005,0.1076,,,9.0,0.0,,OTHER,False,False,False,False,True,True
011wwe28se000001,虞舜街与齐风路路口,西进口直行,6,7,2,2,011wwe28ss100001,虞舜街与海右路路口,7,2,evening_peak,0.045,0.0007,0.0608,,,12.0,,,OTHER,False,False,False,,,False
011wwe28sgb00001,工业南路与茂岭二号路路口,北进口左转,0,1,1,2,011wwe28szy00001,工业南路与山左路路口,7,1,evening_peak,0.4462,0.0453,0.4619,0.7339,0.7339,105.6,0.0466,,WEAK_TYPE1,False,False,False,False,True,True
011wwe28sgb00001,工业南路与茂岭二号路路口,北进口直行,0,1,2,4,011wwe28ss100001,虞舜街与海右路路口,1,2,evening_peak,0.1648,0.0602,0.2941,0.5808,0.5808,39.0,,0.0,OTHER,False,False,False,,,False
011wwe28sgb00001,工业南路与茂岭二号路路口,东进口左转,2,3,1,4,011wwe28ss100001,虞舜街与海右路路口,1,1,evening_peak,0.073,0.0242,0.0924,1.1609,1.1609,33.5,,0.0,UNKNOWN_DOWNSTREAM,False,True,True,,,False
011wwe28sgb00001,工业南路与茂岭二号路路口,南进口直行,4,5,2,0,011wwe28t5v00001,化纤厂路与化纤厂路路口,5,2,evening_peak,0.3733,0.1431,0.5341,0.8848,0.8848,46.4,0.1071,,TYPE1_POINT,False,False,True,False,True,True
011wwe28sgb00001,工业南路与茂岭二号路路口,西进口左转,6,7,1,0,011wwe28t5v00001,化纤厂路与化纤厂路路口,5,1,evening_peak,0.0855,0.0303,0.1029,0.7075,0.7075,33.4,,,OTHER,False,False,False,,,False
011wwe28sgb00001,工业南路与茂岭二号路路口,西进口直行,6,7,2,2,011wwe28szy00001,工业南路与山左路路口,7,2,evening_peak,0.1756,0.0831,0.1987,1.6054,1.6054,68.6,0.1237,,TYPE1_POINT,False,True,True,False,True,True
011wwe28shs00001,天辰路与海右路路口,北进口左转,0,1,1,2,011wwe28sjv00001,天辰路与礼士路路口,7,1,evening_peak,0.1365,0.0092,0.2447,0.2229,0.2885,17.4,,,OTHER,False,False,False,,,False
011wwe28shs00001,天辰路与海右路路口,北进口直行,0,1,2,4,011wwe28euv00001,辛公北街与海右路路口,1,2,evening_peak,0.2988,0.0459,0.3937,0.6,0.6,38.1,0.5353,0.0,OTHER,False,False,False,False,True,True
011wwe28shs00001,天辰路与海右路路口,东进口直行,2,3,2,6,011wwe28s5d00001,天辰路与齐风路路口,3,2,evening_peak,0.4147,0.0422,0.6265,0.1929,0.3571,55.2,0.3345,,WEAK_TYPE1,False,False,False,False,True,True
011wwe28shs00001,天辰路与海右路路口,南进口左转,4,5,1,6,011wwe28s5d00001,天辰路与齐风路路口,3,1,evening_peak,0.1126,0.002,0.1126,0.2571,0.2885,14.8,0.1424,,OTHER,False,False,False,False,True,True
011wwe28shs00001,天辰路与海右路路口,南进口直行,4,5,2,0,011wwe28sk700001,文敏街与海右路路口,5,2,evening_peak,0.3027,0.0849,0.3027,0.48,0.48,39.8,0.3874,0.4286,WEAK_TYPE1,False,False,False,False,True,True
011wwe28shs00001,天辰路与海右路路口,西进口直行,6,7,2,2,011wwe28sjv00001,天辰路与礼士路路口,7,2,evening_peak,0.1229,0.0203,0.2426,0.2357,0.3571,15.4,0.1894,,OTHER,False,False,False,False,True,True
011wwe28sjv00001,天辰路与礼士路路口,北进口左转,0,1,1,2,011wwe28snq00001,岔口,7,1,evening_peak,0.7593,0.0126,0.7593,,,100.8,,,OTHER,False,False,False,,,False
011wwe28sjv00001,天辰路与礼士路路口,东进口直行,2,3,2,6,011wwe28shs00001,天辰路与海右路路口,3,2,evening_peak,0.1789,0.0072,0.3671,,,15.2,0.4147,0.1929,OTHER,False,False,False,False,True,True
011wwe28sjv00001,天辰路与礼士路路口,西进口直行,6,7,2,2,011wwe28snq00001,岔口,7,2,evening_peak,0.1894,0.0115,0.3863,,,25.0,,,OTHER,False,False,False,,,False
011wwe28sk700001,文敏街与海右路路口,东进口直行,2,3,2,6,011wwe28s7300001,文敏街与齐风路路口,3,2,evening_peak,0.5866,0.0144,0.5866,0.2571,0.4688,91.4,1.9038,,WEAK_TYPE2,False,False,False,True,False,True
011wwe28sk700001,文敏街与海右路路口,南进口左转,4,5,1,6,011wwe28s7300001,文敏街与齐风路路口,3,1,evening_peak,0.0945,0.0045,0.2531,0.2143,0.2419,12.1,0.1129,,OTHER,False,False,False,False,True,True
011wwe28sk700001,文敏街与海右路路口,南进口直行,4,5,2,0,011wwe28ss100001,虞舜街与海右路路口,5,2,evening_peak,0.3874,0.0456,0.4827,0.4286,0.4286,49.6,,0.5286,OTHER,False,False,False,,,False
011wwe28sk700001,文敏街与海右路路口,西进口左转,6,7,1,0,011wwe28ss100001,虞舜街与海右路路口,5,1,evening_peak,0.1053,0.0032,0.2607,0.1429,0.4688,13.0,,0.2429,OTHER,False,False,False,,,False
011wwe28st700001,虞舜街与礼士路路口,南进口左转,4,5,1,6,011wwe28ss100001,虞舜街与海右路路口,3,1,evening_peak,0.0874,0.0023,0.6369,,,11.2,,,OTHER,False,False,False,,,False
011wwe28szy00001,工业南路与山左路路口,南进口左转,4,5,1,6,011wwe28sgb00001,工业南路与茂岭二号路路口,3,1,evening_peak,0.2552,0.048,0.3341,,,30.4,0.073,1.1609,OTHER,False,False,False,True,False,True
011wwe28szy00001,工业南路与山左路路口,西进口直行,6,7,2,2,011wwe28vhw00001,奥体西路与工业南路路口,7,2,evening_peak,0.1237,0.0449,0.1719,,,57.3,,1.675,OTHER,False,False,False,,,False
011wwe28t5t00001,化纤厂路与化纤厂路路口,北进口直行,0,1,2,4,011wwe28sgb00001,工业南路与茂岭二号路路口,1,2,evening_peak,0.4041,0.0124,0.4041,,,112.8,0.1648,0.5808,WEAK_TYPE1,False,False,False,False,True,True
011wwe28t5v00001,化纤厂路与化纤厂路路口,南进口直行,4,5,2,0,011wwe28tes00001,华龙路与化纤厂路路口,5,2,evening_peak,0.1071,0.0074,0.3973,,,24.8,0.2044,,OTHER,False,False,False,False,True,True
011wwe28t8s00001,华龙路与华阳路路口,北进口左转,0,1,1,2,011wwe28tes00001,华龙路与化纤厂路路口,7,1,evening_peak,0.0836,0.007,0.2552,,,33.1,0.2077,,OTHER,False,False,False,False,True,True
011wwe28t8s00001,华龙路与华阳路路口,南进口直行,4,5,2,0,011wwe28w2300001,华能路与华阳路路口,5,2,evening_peak,0.0893,0.0016,1.048,,,18.0,0.049,,OTHER,False,False,False,False,True,True
011wwe28t8s00001,华龙路与华阳路路口,西进口左转,6,7,1,0,011wwe28w2300001,华能路与华阳路路口,5,1,evening_peak,0.0615,0.0071,0.1592,,,37.8,0.0647,,OTHER,False,False,False,False,True,True
011wwe28t8s00001,华龙路与华阳路路口,西进口直行,6,7,2,2,011wwe28tes00001,华龙路与化纤厂路路口,7,2,evening_peak,0.1032,0.0345,0.2165,,,63.4,0.2018,,OTHER,False,False,False,False,True,True
011wwe28tes00001,华龙路与化纤厂路路口,北进口左转,0,1,1,2,011wwe28twm00001,岔口,7,1,evening_peak,0.07,0.0046,0.07,,,29.6,,,OTHER,False,False,False,,,False
011wwe28tes00001,华龙路与化纤厂路路口,北进口直行,0,1,2,4,011wwe28t5t00001,化纤厂路与化纤厂路路口,1,2,evening_peak,0.0818,0.0238,0.1733,,,34.6,0.4041,,OTHER,False,False,False,False,True,True
011wwe28tes00001,华龙路与化纤厂路路口,东进口左转,2,3,1,4,011wwe28t5t00001,化纤厂路与化纤厂路路口,1,1,evening_peak,0.1553,0.0217,0.2084,,,41.0,,,OTHER,False,False,False,,,False
011wwe28tes00001,华龙路与化纤厂路路口,西进口直行,6,7,2,2,011wwe28twm00001,岔口,7,2,evening_peak,0.2018,0.0772,0.7739,,,74.2,,,OTHER,False,False,False,,,False
011wwe28u0g00001,无名道路与山左路路口,北进口左转,0,1,1,2,011wwe28u1v00001,无名道路与星天路路口,7,1,evening_peak,0.0096,0.0001,0.1052,,,1.2,,,OTHER,False,False,False,,,False
011wwe28u0g00001,无名道路与山左路路口,北进口直行,0,1,2,4,011wwe28gch00001,无名道路与山左路路口,1,2,evening_peak,0.1834,0.0055,0.2934,,,23.0,0.227,,OTHER,False,False,False,False,True,True
011wwe28u0g00001,无名道路与山左路路口,南进口直行,4,5,2,0,011wwe28u2d00001,天辰路与山左路路口,5,2,evening_peak,0.5189,0.0084,0.5189,,,70.8,0.8071,,WEAK_TYPE2,False,False,False,True,False,True
011wwe28u2d00001,天辰路与山左路路口,北进口左转,0,1,1,2,011wwe28u3e00001,天辰路与星天路路口,7,1,evening_peak,0.0749,0.0026,0.0799,,,9.0,,,OTHER,False,False,False,,,False
011wwe28u2d00001,天辰路与山左路路口,北进口直行,0,1,2,4,011wwe28u0g00001,无名道路与山左路路口,1,2,evening_peak,0.2497,0.07,0.4762,,,30.0,0.1834,,OTHER,False,False,False,False,True,True
011wwe28u2d00001,天辰路与山左路路口,东进口直行,2,3,2,6,011wwe28sr200001,岔口,3,2,evening_peak,0.1536,0.0203,0.256,,,19.8,,,OTHER,False,False,False,,,False
011wwe28u2d00001,天辰路与山左路路口,南进口左转,4,5,1,6,011wwe28sr200001,岔口,3,1,evening_peak,0.0689,0.006,0.1553,,,8.6,,,OTHER,False,False,False,,,False
011wwe28u2d00001,天辰路与山左路路口,南进口直行,4,5,2,0,011wwe28u8200001,子云街与山左路路口,5,2,evening_peak,0.8071,0.1035,0.8071,,,100.8,0.1118,,TYPE1_POINT,True,False,False,False,True,True
011wwe28u2d00001,天辰路与山左路路口,西进口直行,6,7,2,2,011wwe28u3e00001,天辰路与星天路路口,7,2,evening_peak,0.2124,0.034,0.2124,,,27.0,0.2821,,OTHER,False,False,False,False,True,True
011wwe28u3e00001,天辰路与星天路路口,北进口左转,0,1,1,2,011wwe28u6t00001,天辰路与齐音路路口,7,1,evening_peak,0.3471,0.0089,0.8018,,,42.6,,,OTHER,False,False,False,,,False
011wwe28u3e00001,天辰路与星天路路口,北进口直行,0,1,2,4,011wwe28u1v00001,无名道路与星天路路口,1,2,evening_peak,0.8312,0.02,0.9778,,,102.0,,,UNKNOWN_DOWNSTREAM,True,False,False,,,False
011wwe28u3e00001,天辰路与星天路路口,东进口直行,2,3,2,6,011wwe28u2d00001,天辰路与山左路路口,3,2,evening_peak,0.1435,0.0106,0.2161,,,17.4,0.1536,,OTHER,False,False,False,False,True,True
011wwe28u3e00001,天辰路与星天路路口,南进口左转,4,5,1,6,011wwe28u2d00001,天辰路与山左路路口,3,1,evening_peak,0.048,0.0005,0.3003,,,6.2,,,OTHER,False,False,False,,,False
011wwe28u3e00001,天辰路与星天路路口,西进口直行,6,7,2,2,011wwe28u6t00001,天辰路与齐音路路口,7,2,evening_peak,0.2821,0.0143,0.2883,,,36.4,0.2243,,OTHER,False,False,False,False,True,True
011wwe28u4y00001,易安北街与齐音路路口,北进口直行,0,1,2,4,011wwe28u5000001,易安南街与齐音路路口,1,2,evening_peak,0.1404,0.0082,0.9043,,,17.6,0.29,,OTHER,False,False,False,False,True,True
011wwe28u4y00001,易安北街与齐音路路口,东进口左转,2,3,1,4,011wwe28u5000001,易安南街与齐音路路口,1,1,evening_peak,0.2478,0.0063,0.8176,,,16.0,0.5475,,OTHER,False,False,False,False,True,True
011wwe28u4y00001,易安北街与齐音路路口,东进口直行,2,3,2,6,011wwe28u1v00001,无名道路与星天路路口,3,2,evening_peak,0.1827,0.0049,0.5636,,,11.8,,,OTHER,False,False,False,,,False
011wwe28u4y00001,易安北街与齐音路路口,南进口左转,4,5,1,6,011wwe28u1v00001,无名道路与星天路路口,3,1,evening_peak,0.0794,0.0009,0.115,,,9.8,,,OTHER,False,False,False,,,False
011wwe28u4y00001,易安北街与齐音路路口,南进口直行,4,5,2,0,011wwe28u6t00001,天辰路与齐音路路口,5,2,evening_peak,0.1199,0.0033,0.2624,,,14.8,0.1627,,OTHER,False,False,False,False,True,True
011wwe28u4y00001,易安北街与齐音路路口,西进口左转,6,7,1,0,011wwe28u6t00001,天辰路与齐音路路口,5,1,evening_peak,0.0129,0.0001,0.0872,,,1.6,0.0829,,OTHER,False,False,False,False,True,True
011wwe28u5000001,易安南街与齐音路路口,北进口直行,0,1,2,4,011wwe28gg600001,新泺大街与齐音路路口,1,2,evening_peak,0.29,0.0126,0.6545,,,35.8,0.2062,0.2743,OTHER,False,False,False,False,True,True
011wwe28u5000001,易安南街与齐音路路口,南进口直行,4,5,2,0,011wwe28u4y00001,易安北街与齐音路路口,5,2,evening_peak,0.2954,0.0193,0.7019,,,29.8,0.1199,,OTHER,False,False,False,False,True,True
011wwe28u6t00001,天辰路与齐音路路口,北进口左转,0,1,1,2,011wwe28u7x00001,天辰路与大东路路口,7,1,evening_peak,0.0676,0.0017,0.4965,,,8.8,0.0881,,OTHER,False,False,False,False,True,True
011wwe28u6t00001,天辰路与齐音路路口,北进口直行,0,1,2,4,011wwe28u4y00001,易安北街与齐音路路口,1,2,evening_peak,0.1829,0.0114,0.4858,,,23.8,0.1404,,OTHER,False,False,False,False,True,True
011wwe28u6t00001,天辰路与齐音路路口,东进口左转,2,3,1,4,011wwe28u4y00001,易安北街与齐音路路口,1,1,evening_peak,0.0979,0.0077,0.3063,,,12.4,0.0,,OTHER,False,False,False,False,True,True
011wwe28u6t00001,天辰路与齐音路路口,东进口直行,2,3,2,6,011wwe28u3e00001,天辰路与星天路路口,3,2,evening_peak,0.3173,0.0506,0.3615,,,40.2,0.1435,,WEAK_TYPE1,False,False,False,False,True,True
011wwe28u6t00001,天辰路与齐音路路口,南进口左转,4,5,1,6,011wwe28u3e00001,天辰路与星天路路口,3,1,evening_peak,0.0829,0.0041,0.2903,,,10.4,,,OTHER,False,False,False,,,False
011wwe28u6t00001,天辰路与齐音路路口,南进口直行,4,5,2,0,011wwe28udk00001,子云街与齐音路路口,5,2,evening_peak,0.1627,0.0119,0.1914,,,20.4,0.2321,,OTHER,False,False,False,False,True,True
011wwe28u6t00001,天辰路与齐音路路口,西进口直行,6,7,2,2,011wwe28u7x00001,天辰路与大东路路口,7,2,evening_peak,0.2243,0.0415,0.8032,,,27.2,0.0677,,OTHER,False,False,False,False,True,True
011wwe28u7x00001,天辰路与大东路路口,东进口直行,2,3,2,6,011wwe28u6t00001,天辰路与齐音路路口,3,2,evening_peak,0.1282,0.0069,0.4523,,,17.0,0.3173,,OTHER,False,False,False,False,True,True
011wwe28u7x00001,天辰路与大东路路口,南进口直行,4,5,2,0,011wwe28uem00001,子云街与大东路路口,5,2,evening_peak,0.044,0.0005,0.0672,,,11.0,,,OTHER,False,False,False,,,False
011wwe28u7x00001,天辰路与大东路路口,西进口左转,6,7,1,0,011wwe28uem00001,子云街与大东路路口,5,1,evening_peak,0.0881,0.0008,0.2234,,,11.2,,0.0,OTHER,False,False,False,,,False
011wwe28u7x00001,天辰路与大东路路口,西进口直行,6,7,2,2,011wwe28usb00001,天辰路与奥体西路路口,7,2,evening_peak,0.0677,0.0022,0.2974,,,8.6,0.2197,,OTHER,False,False,False,False,True,True
011wwe28u8200001,子云街与山左路路口,北进口直行,0,1,2,4,011wwe28u2d00001,天辰路与山左路路口,1,2,evening_peak,0.1255,0.0022,1.1202,,,16.0,0.2497,,OTHER,False,False,False,False,True,True
011wwe28u8200001,子云街与山左路路口,南进口直行,4,5,2,0,011wwe28u8p00001,山左路与山左路路口,5,2,evening_peak,0.1118,0.0076,0.2035,,,13.4,0.157,,OTHER,False,False,False,False,True,True
011wwe28u8p00001,山左路与山左路路口,北进口直行,0,1,2,4,011wwe28u8200001,子云街与山左路路口,1,2,evening_peak,0.9915,0.0123,0.9915,,,119.0,0.1255,,TYPE1_POINT,True,False,False,False,True,True
011wwe28u8p00001,山左路与山左路路口,南进口直行,4,5,2,0,011wwe28szy00001,工业南路与山左路路口,5,2,evening_peak,0.157,0.0034,0.1837,,,20.0,,,OTHER,False,False,False,,,False
011wwe28udk00001,子云街与齐音路路口,北进口左转,0,1,1,2,011wwe28uem00001,子云街与大东路路口,7,1,evening_peak,0.0,0.0,0.0673,,,,,0.0,OTHER,False,False,False,,,False
011wwe28udk00001,子云街与齐音路路口,北进口直行,0,1,2,4,011wwe28u6t00001,天辰路与齐音路路口,1,2,evening_peak,0.1295,0.0024,1.2595,,,15.4,0.1829,,OTHER,False,False,False,False,True,True
011wwe28udk00001,子云街与齐音路路口,东进口左转,2,3,1,4,011wwe28u6t00001,天辰路与齐音路路口,1,1,evening_peak,0.1346,0.0009,0.1645,,,16.2,0.0676,,OTHER,False,False,False,False,True,True
011wwe28udk00001,子云街与齐音路路口,南进口直行,4,5,2,0,011wwe28uf400001,虞舜街与齐音路路口,5,2,evening_peak,0.2321,0.0159,0.2706,,,30.2,0.0538,,OTHER,False,False,False,False,True,True
011wwe28udk00001,子云街与齐音路路口,西进口左转,6,7,1,0,011wwe28uf400001,虞舜街与齐音路路口,5,1,evening_peak,1.734,0.0176,1.734,,,221.6,0.0404,,TYPE1_POINT,True,False,False,False,True,True
011wwe28udk00001,子云街与齐音路路口,西进口直行,6,7,2,2,011wwe28uem00001,子云街与大东路路口,7,2,evening_peak,0.5039,0.0055,0.5039,,,64.4,,,OTHER,False,False,False,,,False
011wwe28uf400001,虞舜街与齐音路路口,北进口左转,0,1,1,2,011wwe28ugh00001,虞舜街与大东路路口,7,1,evening_peak,0.1111,0.0016,0.372,,,13.2,0.1605,0.0,OTHER,False,False,False,False,True,True
011wwe28uf400001,虞舜街与齐音路路口,北进口直行,0,1,2,4,011wwe28udk00001,子云街与齐音路路口,1,2,evening_peak,0.4343,0.0295,1.084,,,51.6,0.1295,,WEAK_TYPE1,False,False,False,False,True,True
011wwe28uf400001,虞舜街与齐音路路口,东进口左转,2,3,1,4,011wwe28udk00001,子云街与齐音路路口,1,1,evening_peak,0.1014,0.0025,0.5745,,,12.0,0.0,,OTHER,False,False,False,False,True,True
011wwe28ugh00001,虞舜街与大东路路口,北进口直行,0,1,2,4,011wwe28uem00001,子云街与大东路路口,1,2,evening_peak,0.5794,0.0316,0.8965,,0.3243,63.6,,0.0,OTHER,False,False,False,,,False
011wwe28ugh00001,虞舜街与大东路路口,东进口左转,2,3,1,4,011wwe28uem00001,子云街与大东路路口,1,1,evening_peak,0.053,0.0022,0.3284,,0.3243,6.0,,0.0,OTHER,False,False,False,,,False
011wwe28ugh00001,虞舜街与大东路路口,东进口直行,2,3,2,6,011wwe28uf400001,虞舜街与齐音路路口,3,2,evening_peak,0.3549,0.015,0.4291,,0.3243,40.2,0.0963,,WEAK_TYPE1,False,False,False,False,True,True
011wwe28usb00001,天辰路与奥体西路路口,北进口左转,0,1,1,2,011wwe28uwg00001,天辰路与大辛河西路路口,7,1,evening_peak,0.203,0.0393,0.211,,,25.3,0.0281,0.3343,OTHER,False,False,False,False,True,True
011wwe28usb00001,天辰路与奥体西路路口,北进口直行,0,1,2,4,011wwe28gvj00001,奥体西路与新泺大街路口,1,2,evening_peak,0.6852,0.1911,0.6852,,,85.4,0.1607,,WEAK_TYPE1,False,False,False,False,True,True
011wwe28usb00001,天辰路与奥体西路路口,东进口左转,2,3,1,4,011wwe28gvj00001,奥体西路与新泺大街路口,1,1,evening_peak,0.1478,0.011,0.1904,,,34.0,0.0513,,OTHER,False,False,False,False,True,True
011wwe28usb00001,天辰路与奥体西路路口,东进口直行,2,3,2,6,011wwe28u7x00001,天辰路与大东路路口,3,2,evening_peak,0.1965,0.0336,0.3017,,,45.2,0.1282,,OTHER,False,False,False,False,True,True
011wwe28usb00001,天辰路与奥体西路路口,南进口左转,4,5,1,6,011wwe28u7x00001,天辰路与大东路路口,3,1,evening_peak,0.0643,0.0109,0.0756,,,23.4,0.0166,,OTHER,False,False,False,False,True,True
011wwe28usb00001,天辰路与奥体西路路口,南进口直行,4,5,2,0,011wwe28uub00001,奥体西路与奥体西路路口,5,2,evening_peak,0.2066,0.1008,0.6018,,,75.2,0.2465,,OTHER,False,False,False,False,True,True
011wwe28usb00001,天辰路与奥体西路路口,西进口左转,6,7,1,0,011wwe28uub00001,奥体西路与奥体西路路口,5,1,evening_peak,0.1121,0.0203,0.1864,,,14.8,,,OTHER,False,False,False,,,False
011wwe28usb00001,天辰路与奥体西路路口,西进口直行,6,7,2,2,011wwe28uwg00001,天辰路与大辛河西路路口,7,2,evening_peak,0.2197,0.0429,0.2743,,,29.0,0.1174,0.1929,OTHER,False,False,False,False,True,True
011wwe28usx00001,子云街与奥体西路路口,北进口直行,0,1,2,4,011wwe28usb00001,天辰路与奥体西路路口,1,2,evening_peak,0.2074,0.0275,0.5028,,,51.8,0.6852,,OTHER,False,False,False,False,True,True
011wwe28uub00001,奥体西路与奥体西路路口,南进口直行,4,5,2,0,011wwe28vhw00001,奥体西路与工业南路路口,5,2,evening_peak,0.2465,0.0324,0.3777,,,33.8,0.181,1.4592,OTHER,False,False,False,True,False,True
011wwe28uwg00001,天辰路与大辛河西路路口,东进口左转,2,3,1,4,011wwe28gyu00001,新泺大街与大辛河西路路口,1,1,evening_peak,0.0604,0.0024,0.0905,,0.1463,8.4,0.022,,OTHER,False,False,False,False,True,True
011wwe28uwg00001,天辰路与大辛河西路路口,东进口直行,2,3,2,6,011wwe28usb00001,天辰路与奥体西路路口,3,2,evening_peak,0.1164,0.0199,0.2615,,0.1463,16.2,0.1965,,OTHER,False,False,False,False,True,True
011wwe28uwg00001,天辰路与大辛河西路路口,南进口左转,4,5,1,6,011wwe28usb00001,天辰路与奥体西路路口,3,1,evening_peak,0.0497,0.007,0.129,,0.375,20.8,0.1478,,OTHER,False,False,False,False,True,True
011wwe28uwg00001,天辰路与大辛河西路路口,西进口直行,6,7,2,2,011wwe29h9n00001,天辰路与奥体中路路口,7,2,evening_peak,0.1174,0.0169,0.4133,0.1929,0.1929,26.7,0.1865,0.7314,OTHER,False,False,False,False,True,True
011wwe28vb000001,华龙路与文化路路口,东进口直行,2,3,2,6,011wwe28twm00001,岔口,3,2,evening_peak,0.1546,0.0343,0.4665,,,33.0,,,OTHER,False,False,False,,,False
011wwe28vb000001,华龙路与文化路路口,南进口左转,4,5,1,6,011wwe28twm00001,岔口,3,1,evening_peak,0.0204,0.0003,0.0204,,,9.0,,,OTHER,False,False,False,,,False
011wwe28vb000001,华龙路与文化路路口,西进口直行,6,7,2,2,011wwe28vcf00001,华龙路与辛河路路口,7,2,evening_peak,0.1876,0.0644,0.5104,,,40.8,,,OTHER,False,False,False,,,False
011wwe28vhw00001,奥体西路与工业南路路口,北进口直行,0,1,2,4,011wwe28usx00001,子云街与奥体西路路口,1,2,evening_peak,0.1602,0.0736,0.3186,,0.3333,54.2,0.2074,,OTHER,False,False,False,False,True,True
011wwe28vhw00001,奥体西路与工业南路路口,南进口左转,4,5,1,6,011wwe28szy00001,工业南路与山左路路口,3,1,evening_peak,0.1544,0.0391,0.23,2.3751,2.3751,37.2,,,UNKNOWN_DOWNSTREAM,False,True,True,,,False
011wwe28vhw00001,奥体西路与工业南路路口,南进口直行,4,5,2,0,011wwe28vu000001,奥体西路与规划路路口,5,2,evening_peak,0.181,0.0663,0.3644,1.4592,1.4592,43.6,0.3902,0.0,TYPE1_POINT,False,True,True,False,True,True
011wwe28vu000001,奥体西路与规划路路口,北进口左转,0,1,1,2,011wwe28vy300001,正丰路与规划路路口,7,1,evening_peak,0.0406,0.0034,0.0644,,0.6316,17.4,0.1341,0.6833,OTHER,False,False,False,False,True,True
011wwe28vu000001,奥体西路与规划路路口,北进口直行,0,1,2,4,011wwe28vhw00001,奥体西路与工业南路路口,1,2,evening_peak,0.162,0.0607,0.162,,0.3509,69.4,0.1602,0.0,OTHER,False,False,False,False,True,True
011wwe28vu000001,奥体西路与规划路路口,东进口左转,2,3,1,4,011wwe28vhw00001,奥体西路与工业南路路口,1,1,evening_peak,0.0433,0.0048,0.0895,,0.4545,10.7,0.0958,0.0,OTHER,False,False,False,False,True,True
011wwe28vu000001,奥体西路与规划路路口,南进口直行,4,5,2,0,011wwe28y7r00001,兴贤北街与奥体西路路口,5,2,evening_peak,0.3902,0.0823,0.3902,,0.2128,132.0,0.121,,WEAK_TYPE1,False,False,False,False,True,True
011wwe28vu000001,奥体西路与规划路路口,西进口左转,6,7,1,0,011wwe28y7r00001,兴贤北街与奥体西路路口,5,1,evening_peak,0.1766,0.0283,0.1766,0.9183,0.9183,50.4,0.0686,,TYPE1_POINT,False,True,True,False,True,True
011wwe28vu000001,奥体西路与规划路路口,西进口直行,6,7,2,2,011wwe28vy300001,正丰路与规划路路口,7,2,evening_peak,0.164,0.0522,0.2186,0.9183,0.9183,46.8,0.2982,,TYPE1_POINT,False,True,True,False,True,True
011wwe28vy300001,正丰路与规划路路口,北进口左转,0,1,1,2,011wwe28vz100001,会展路与正奥路路口,7,1,evening_peak,0.516,0.0122,0.7274,0.2057,0.2553,104.0,0.0711,0.6392,WEAK_TYPE1,False,False,False,False,True,True
011wwe28vy300001,正丰路与规划路路口,北进口直行,0,1,2,4,011wwe28vqf00001,工业南路与正丰路路口,1,2,evening_peak,0.782,0.0287,0.7929,0.1886,0.2553,157.6,,,OTHER,False,False,False,,,False
011wwe28vy300001,正丰路与规划路路口,东进口左转,2,3,1,4,011wwe28vqf00001,工业南路与正丰路路口,1,1,evening_peak,0.0669,0.0097,0.2074,0.2425,0.3243,6.9,,,OTHER,False,False,False,,,False
011wwe28vy300001,正丰路与规划路路口,东进口直行,2,3,2,6,011wwe28vu000001,奥体西路与规划路路口,3,2,evening_peak,0.2966,0.0631,0.3625,0.4188,0.4188,30.6,0.1231,0.551,OTHER,False,False,False,False,True,True
011wwe28vy300001,正丰路与规划路路口,南进口左转,4,5,1,6,011wwe28vu000001,奥体西路与规划路路口,3,1,evening_peak,0.0962,0.008,0.0962,0.1543,0.2553,28.4,0.0433,0.0,OTHER,False,False,False,False,True,True
011wwe28vy300001,正丰路与规划路路口,南进口直行,4,5,2,0,011wwe28yjg00001,正丰路与正丰路路口,5,2,evening_peak,0.2391,0.0164,0.3779,0.2229,0.2553,70.6,0.3523,,OTHER,False,False,False,False,True,True
011wwe28vy300001,正丰路与规划路路口,西进口左转,6,7,1,0,011wwe28yjg00001,正丰路与正丰路路口,5,1,evening_peak,0.1341,0.0133,0.3022,0.6833,0.6833,33.2,,,OTHER,False,False,False,,,False
011wwe28vy300001,正丰路与规划路路口,西进口直行,6,7,2,2,011wwe28vz100001,会展路与正奥路路口,7,2,evening_peak,0.2982,0.0414,0.5867,,,73.8,0.7866,0.2425,OTHER,False,False,False,False,True,True
011wwe28vz100001,会展路与正奥路路口,北进口左转,0,1,1,2,011wwe29jbf00001,会展路与奥体中路路口,7,1,evening_peak,0.4031,0.0119,0.4478,0.2571,0.2571,184.0,0.1514,0.9067,WEAK_TYPE2,False,False,False,True,False,True
011wwe28vz100001,会展路与正奥路路口,东进口直行,2,3,2,6,011wwe28vy300001,正丰路与规划路路口,3,2,evening_peak,0.2617,0.0611,0.427,0.3968,0.3968,51.0,0.2966,0.4188,OTHER,False,False,False,False,True,True
011wwe28vz100001,会展路与正奥路路口,西进口左转,6,7,1,0,011wwe28yx100001,兴贤北街与正奥路路口,5,1,evening_peak,0.0711,0.0048,0.1061,0.6392,0.6392,7.3,0.0162,,OTHER,False,False,False,False,True,True
011wwe28vz100001,会展路与正奥路路口,西进口直行,6,7,2,2,011wwe29jbf00001,会展路与奥体中路路口,7,2,evening_peak,0.7866,0.0822,0.7866,0.2425,0.3243,80.8,0.2029,0.8886,WEAK_TYPE2,False,False,False,True,False,True
011wwe28w2300001,华能路与华阳路路口,北进口左转,0,1,1,2,011wwe28w7700001,化纤厂路与华能路路口,7,1,evening_peak,0.2531,0.0045,0.6671,,,132.4,0.1197,,OTHER,False,False,False,False,True,True
011wwe28w2300001,华能路与华阳路路口,北进口直行,0,1,2,4,011wwe28t8s00001,华龙路与华阳路路口,1,2,evening_peak,0.0363,0.0077,0.3005,,,19.0,0.2097,,OTHER,False,False,False,False,True,True
011wwe28w2300001,华能路与华阳路路口,南进口直行,4,5,2,0,011wwe28x0j00001,农干院路与华阳路路口,5,2,evening_peak,0.049,0.0109,0.0844,,,19.4,0.1407,,OTHER,False,False,False,False,True,True
011wwe28w2300001,华能路与华阳路路口,西进口左转,6,7,1,0,011wwe28x0j00001,农干院路与华阳路路口,5,1,evening_peak,0.0591,0.0036,0.1136,,,38.8,0.0489,,OTHER,False,False,False,False,True,True
011wwe28w2300001,华能路与华阳路路口,西进口直行,6,7,2,2,011wwe28w7700001,化纤厂路与华能路路口,7,2,evening_peak,0.2802,0.022,0.4362,,,184.0,0.1267,,OTHER,False,False,False,False,True,True
011wwe28w7700001,化纤厂路与华能路路口,北进口左转,0,1,1,2,011wwe28wx800001,康虹路与辛河路路口,7,1,evening_peak,0.0601,0.0023,0.0601,,,33.8,0.0299,,OTHER,False,False,False,False,True,True
011wwe28w7700001,化纤厂路与华能路路口,北进口直行,0,1,2,4,011wwe28tes00001,华龙路与化纤厂路路口,1,2,evening_peak,0.0999,0.0203,0.1549,,,56.2,0.0818,,OTHER,False,False,False,False,True,True
011wwe28w7700001,化纤厂路与华能路路口,东进口左转,2,3,1,4,011wwe28tes00001,华龙路与化纤厂路路口,1,1,evening_peak,1.2638,0.1139,1.2638,,,93.0,0.07,,TYPE1_POINT,True,False,False,False,True,True
011wwe28w7700001,化纤厂路与华能路路口,西进口直行,6,7,2,2,011wwe28wx800001,康虹路与辛河路路口,7,2,evening_peak,0.1267,0.0237,0.4366,,,47.0,0.0441,,OTHER,False,False,False,False,True,True
011wwe28wx800001,康虹路与辛河路路口,西北进口左转,7,8,1,1,011wwe28y9p00001,康奥路与康虹路路口,6,1,evening_peak,0.0626,0.0022,0.1418,,,20.4,0.0465,,OTHER,False,False,False,False,True,True
011wwe28wx800001,康虹路与辛河路路口,西北进口直行,7,8,2,3,011wwe28vcf00001,华龙路与辛河路路口,8,2,evening_peak,0.1062,0.0074,0.2308,,,34.6,,,OTHER,False,False,False,,,False
011wwe28wyr00001,康虹北街与辛河路路口,西进口左转,6,7,1,0,011wwe28xwc00002,花园东路与辛河路路口,5,1,evening_peak,0.0163,0.0007,0.0163,,,5.6,0.0543,,OTHER,False,False,False,False,True,True
011wwe28x0j00001,农干院路与华阳路路口,北进口左转,0,1,1,2,011wwe28x7600001,花园东路与花园路路口,7,1,evening_peak,0.288,0.0389,0.2894,,,59.1,,,OTHER,False,False,False,,,False
011wwe28x0j00001,农干院路与华阳路路口,北进口直行,0,1,2,4,011wwe28w2300001,华能路与华阳路路口,1,2,evening_peak,0.1013,0.0203,0.8507,,,20.8,0.0363,,OTHER,False,False,False,False,True,True
011wwe28x0j00001,农干院路与华阳路路口,东进口左转,2,3,1,4,011wwe28w2300001,华能路与华阳路路口,1,1,evening_peak,0.0336,0.0039,0.053,,,13.7,0.2531,,OTHER,False,False,False,False,True,True
011wwe28x0j00001,农干院路与华阳路路口,东进口直行,2,3,2,6,011wwe28rn500001,花园路与无名道路路口,3,2,evening_peak,0.1432,0.0627,0.2437,,,58.4,,,OTHER,False,False,False,,,False
011wwe28x0j00001,农干院路与华阳路路口,南进口左转,4,5,1,6,011wwe28rn500001,花园路与无名道路路口,3,1,evening_peak,0.0489,0.007,0.1728,,,25.6,,,OTHER,False,False,False,,,False
011wwe28x0j00001,农干院路与华阳路路口,南进口直行,4,5,2,0,011wwe2b80r00001,农干院路与祝甸路路口,5,2,evening_peak,0.1407,0.0133,0.1407,,,73.6,,,OTHER,False,False,False,,,False
011wwe28x0j00001,农干院路与华阳路路口,西进口左转,6,7,1,0,011wwe2b80r00001,农干院路与祝甸路路口,5,1,evening_peak,0.1735,0.025,0.1735,,,39.6,,,OTHER,False,False,False,,,False
011wwe28x0j00001,农干院路与华阳路路口,西进口直行,6,7,2,2,011wwe28x7600001,花园东路与花园路路口,7,2,evening_peak,0.3287,0.1779,0.546,,,75.0,,,OTHER,False,False,False,,,False
011wwe28x7600001,花园东路与花园路路口,北进口直行,0,1,2,4,011wwe28w7700001,化纤厂路与华能路路口,1,2,evening_peak,0.0876,0.0044,0.4143,,,19.8,0.0999,,OTHER,False,False,False,False,True,True
011wwe28x7600001,花园东路与花园路路口,南进口左转,4,5,1,6,011wwe28x0j00001,农干院路与华阳路路口,3,1,evening_peak,0.2843,0.0867,0.3987,,,29.8,0.0336,,OTHER,False,False,False,False,True,True
011wwe28xwc00002,花园东路与辛河路路口,南进口左转,4,5,1,6,011wwe28xs900001,花园东路与西周南路路口,3,1,evening_peak,0.0543,0.0055,0.1813,,,19.4,,,OTHER,False,False,False,,,False
011wwe28xwc00002,花园东路与辛河路路口,西进口直行,6,7,2,2,011wwe28zdk00001,奥体西路与花园东路路口,7,2,evening_peak,0.2992,0.1425,0.4107,,,86.4,,,OTHER,False,False,False,,,False
011wwe28y7r00001,兴贤北街与奥体西路路口,北进口左转,0,1,1,2,011wwe28yt200001,兴贤北街与正丰路路口,7,1,evening_peak,0.085,0.0145,0.085,,,22.6,0.1072,,OTHER,False,False,False,False,True,True
011wwe28y7r00001,兴贤北街与奥体西路路口,北进口直行,0,1,2,4,011wwe28vu000001,奥体西路与规划路路口,1,2,evening_peak,0.4023,0.0635,0.8783,,,107.0,0.162,0.0,WEAK_TYPE1,False,False,False,False,True,True
011wwe28y7r00001,兴贤北街与奥体西路路口,东进口左转,2,3,1,4,011wwe28vu000001,奥体西路与规划路路口,1,1,evening_peak,0.0649,0.0091,0.1204,,,13.8,0.0406,0.0,OTHER,False,False,False,False,True,True
011wwe28y7r00001,兴贤北街与奥体西路路口,南进口直行,4,5,2,0,011wwe28ygh00001,奥体西路与康虹路路口,5,2,evening_peak,0.121,0.0473,0.2814,,,52.2,0.196,,OTHER,False,False,False,False,True,True
011wwe28ygh00001,奥体西路与康虹路路口,北进口左转,0,1,1,2,011wwe28yvp00001,康虹路与正丰路路口,7,1,evening_peak,0.1468,0.0309,0.1468,,,63.2,0.0872,,OTHER,False,False,False,False,True,True
011wwe28ygh00001,奥体西路与康虹路路口,北进口直行,0,1,2,4,011wwe28y7r00001,兴贤北街与奥体西路路口,1,2,evening_peak,0.1524,0.0306,0.1672,,,65.6,0.4023,,OTHER,False,False,False,False,True,True
011wwe28ygh00001,奥体西路与康虹路路口,东进口左转,2,3,1,4,011wwe28y7r00001,兴贤北街与奥体西路路口,1,1,evening_peak,0.0685,0.0107,0.3126,,,16.0,0.085,,OTHER,False,False,False,False,True,True
011wwe28ygh00001,奥体西路与康虹路路口,东进口直行,2,3,2,6,011wwe28y9p00001,康奥路与康虹路路口,3,2,evening_peak,0.2454,0.031,0.2454,,,57.3,,,OTHER,False,False,False,,,False
011wwe28ygh00001,奥体西路与康虹路路口,南进口左转,4,5,1,6,011wwe28y9p00001,康奥路与康虹路路口,3,1,evening_peak,0.0661,0.0102,0.0713,,,17.6,,,OTHER,False,False,False,,,False
011wwe28ygh00001,奥体西路与康虹路路口,西进口直行,6,7,2,2,011wwe28yvp00001,康虹路与正丰路路口,7,2,evening_peak,0.3976,0.0638,0.4789,,,92.0,0.2114,,WEAK_TYPE1,False,False,False,False,True,True
011wwe28yjg00001,正丰路与正丰路路口,北进口直行,0,1,2,4,011wwe28vy300001,正丰路与规划路路口,1,2,evening_peak,0.157,0.008,0.4001,,,39.0,0.782,0.1886,OTHER,False,False,False,False,True,True
011wwe28yjg00001,正丰路与正丰路路口,南进口直行,4,5,2,0,011wwe28yt200001,兴贤北街与正丰路路口,5,2,evening_peak,0.3523,0.0131,0.3523,,,71.0,0.091,,WEAK_TYPE1,False,False,False,False,True,True
011wwe28yt200001,兴贤北街与正丰路路口,东进口左转,2,3,1,4,011wwe28yjg00001,正丰路与正丰路路口,1,1,evening_peak,0.0873,0.0008,0.3731,,,19.8,0.0539,,OTHER,False,False,False,False,True,True
011wwe28yt200001,兴贤北街与正丰路路口,东进口直行,2,3,2,6,011wwe28y7r00001,兴贤北街与奥体西路路口,3,2,evening_peak,0.09,0.007,0.8335,,,20.4,,,OTHER,False,False,False,,,False
011wwe28yt200001,兴贤北街与正丰路路口,南进口左转,4,5,1,6,011wwe28y7r00001,兴贤北街与奥体西路路口,3,1,evening_peak,0.0741,0.0039,0.3703,,,18.4,0.0649,,OTHER,False,False,False,False,True,True
011wwe28yt200001,兴贤北街与正丰路路口,南进口直行,4,5,2,0,011wwe28yvp00001,康虹路与正丰路路口,5,2,evening_peak,0.091,0.0128,0.1505,,,22.6,0.2865,,OTHER,False,False,False,False,True,True
011wwe28yt200001,兴贤北街与正丰路路口,西进口左转,6,7,1,0,011wwe28yvp00001,康虹路与正丰路路口,5,1,evening_peak,0.1072,0.0075,0.1552,,,22.8,0.1043,,OTHER,False,False,False,False,True,True
011wwe28yt200001,兴贤北街与正丰路路口,西进口直行,6,7,2,2,011wwe28yx100001,兴贤北街与正奥路路口,7,2,evening_peak,0.1589,0.0119,0.521,,,33.8,0.2002,,OTHER,False,False,False,False,True,True
011wwe28yvp00001,康虹路与正丰路路口,北进口左转,0,1,1,2,011wwe28znc00001,康虹路与正奥路路口,7,1,evening_peak,0.0955,0.0141,0.2383,,,28.2,0.3249,,OTHER,False,False,False,False,True,True
011wwe28yvp00001,康虹路与正丰路路口,北进口直行,0,1,2,4,011wwe28yt200001,兴贤北街与正丰路路口,1,2,evening_peak,0.172,0.0164,0.2126,,,50.8,,,OTHER,False,False,False,,,False
011wwe28yvp00001,康虹路与正丰路路口,东进口左转,2,3,1,4,011wwe28yt200001,兴贤北街与正丰路路口,1,1,evening_peak,0.2963,0.0168,0.5806,,,24.6,,,OTHER,False,False,False,,,False
011wwe28yvp00001,康虹路与正丰路路口,东进口直行,2,3,2,6,011wwe28ygh00001,奥体西路与康虹路路口,3,2,evening_peak,0.2602,0.0824,0.6071,,,21.6,0.2454,,OTHER,False,False,False,False,True,True
011wwe28yvp00001,康虹路与正丰路路口,南进口左转,4,5,1,6,011wwe28ygh00001,奥体西路与康虹路路口,3,1,evening_peak,0.1043,0.0104,0.1567,,,30.2,0.0685,,OTHER,False,False,False,False,True,True
011wwe28yvp00001,康虹路与正丰路路口,南进口直行,4,5,2,0,011wwe28zkz00001,弘文街与正丰路路口,5,2,evening_peak,0.2865,0.0251,0.7712,,,83.0,,,OTHER,False,False,False,,,False
011wwe28yvp00001,康虹路与正丰路路口,西进口左转,6,7,1,0,011wwe28zkz00001,弘文街与正丰路路口,5,1,evening_peak,0.0872,0.0117,0.1684,,,20.3,,,OTHER,False,False,False,,,False
011wwe28yvp00001,康虹路与正丰路路口,西进口直行,6,7,2,2,011wwe28znc00001,康虹路与正奥路路口,7,2,evening_peak,0.2114,0.0693,0.4554,,,49.2,0.396,,OTHER,False,False,False,False,True,True
011wwe28yx100001,兴贤北街与正奥路路口,北进口左转,0,1,1,2,011wwe29n3p00001,兴贤北街与奥体中路路口,7,1,evening_peak,0.1256,0.0032,0.3123,,,36.2,0.122,,OTHER,False,False,False,False,True,True
011wwe28yx100001,兴贤北街与正奥路路口,北进口直行,0,1,2,4,011wwe28vz100001,会展路与正奥路路口,1,2,evening_peak,0.0749,0.0043,0.093,,,21.6,0.0,,OTHER,False,False,False,False,True,True
011wwe28yx100001,兴贤北街与正奥路路口,东进口左转,2,3,1,4,011wwe28vz100001,会展路与正奥路路口,1,1,evening_peak,0.1562,0.0063,0.2412,,,33.8,0.4031,0.2571,OTHER,False,False,False,False,True,True
011wwe28yx100001,兴贤北街与正奥路路口,东进口直行,2,3,2,6,011wwe28yt200001,兴贤北街与正丰路路口,3,2,evening_peak,0.2033,0.0155,0.6007,,,44.0,0.09,,OTHER,False,False,False,False,True,True
011wwe28yx100001,兴贤北街与正奥路路口,南进口左转,4,5,1,6,011wwe28yt200001,兴贤北街与正丰路路口,3,1,evening_peak,0.0162,0.0005,0.365,,,7.4,0.0873,,OTHER,False,False,False,False,True,True
011wwe28yx100001,兴贤北街与正奥路路口,南进口直行,4,5,2,0,011wwe28znc00001,康虹路与正奥路路口,5,2,evening_peak,0.0215,0.0009,0.0241,,,9.8,0.0437,,OTHER,False,False,False,False,True,True
011wwe28yx100001,兴贤北街与正奥路路口,西进口左转,6,7,1,0,011wwe28znc00001,康虹路与正奥路路口,5,1,evening_peak,0.1852,0.0031,0.1984,,,42.0,0.034,,OTHER,False,False,False,False,True,True
011wwe28yx100001,兴贤北街与正奥路路口,西进口直行,6,7,2,2,011wwe29n3p00001,兴贤北街与奥体中路路口,7,2,evening_peak,0.2002,0.0101,0.2073,,,45.4,0.0841,,OTHER,False,False,False,False,True,True
011wwe28zkz00001,弘文街与正丰路路口,东进口左转,2,3,1,4,011wwe28yvp00001,康虹路与正丰路路口,1,1,evening_peak,0.1078,0.0021,0.2486,,,22.8,0.0955,,OTHER,False,False,False,False,True,True
011wwe28znc00001,康虹路与正奥路路口,北进口左转,0,1,1,2,011wwe29p1700001,奥体中路与康虹路路口,7,1,evening_peak,0.0274,0.002,0.1024,,,7.6,0.1037,,OTHER,False,False,False,False,True,True
011wwe28znc00001,康虹路与正奥路路口,北进口直行,0,1,2,4,011wwe28yx100001,兴贤北街与正奥路路口,1,2,evening_peak,0.0519,0.0033,0.2393,,,14.4,0.0749,,OTHER,False,False,False,False,True,True
011wwe28znc00001,康虹路与正奥路路口,东进口左转,2,3,1,4,011wwe28yx100001,兴贤北街与正奥路路口,1,1,evening_peak,0.0663,0.0015,0.0663,,,18.6,0.1256,,OTHER,False,False,False,False,True,True
011wwe28znc00001,康虹路与正奥路路口,南进口直行,4,5,2,0,011wwe28zqr00001,弘文街与正奥路路口,5,2,evening_peak,0.0437,0.0033,0.0784,,,12.6,0.049,,OTHER,False,False,False,False,True,True
011wwe28znc00001,康虹路与正奥路路口,西进口左转,6,7,1,0,011wwe28zqr00001,弘文街与正奥路路口,5,1,evening_peak,0.3249,0.0046,0.3249,,,75.8,0.0699,,WEAK_TYPE1,False,False,False,False,True,True
011wwe28znc00001,康虹路与正奥路路口,西进口直行,6,7,2,2,011wwe29p1700001,奥体中路与康虹路路口,7,2,evening_peak,0.396,0.0452,0.396,,,92.4,0.2188,,WEAK_TYPE1,False,False,False,False,True,True
011wwe28zqr00001,弘文街与正奥路路口,东进口左转,2,3,1,4,011wwe28znc00001,康虹路与正奥路路口,1,1,evening_peak,0.0221,0.0005,0.1057,,,7.2,0.0274,,OTHER,False,False,False,False,True,True
011wwe28zqr00001,弘文街与正奥路路口,东进口直行,2,3,2,6,011wwe28zkz00001,弘文街与正丰路路口,3,2,evening_peak,0.1966,0.0048,0.3262,,,64.0,0.0,,OTHER,False,False,False,False,True,True
011wwe28zqr00001,弘文街与正奥路路口,南进口左转,4,5,1,6,011wwe28zkz00001,弘文街与正丰路路口,3,1,evening_peak,0.0699,0.0036,0.1319,,,19.4,0.1078,,OTHER,False,False,False,False,True,True
011wwe28zsx00001,正丰路与花园东路路口,北进口直行,0,1,2,4,011wwe28zkz00001,弘文街与正丰路路口,1,2,evening_peak,0.0727,0.0158,0.1021,,,35.6,,,OTHER,False,False,False,,,False
011wwe28zsx00001,正丰路与花园东路路口,东进口左转,2,3,1,4,011wwe28zkz00001,弘文街与正丰路路口,1,1,evening_peak,0.067,0.0101,0.2951,,,14.8,,,OTHER,False,False,False,,,False
011wwe28zsx00001,正丰路与花园东路路口,南进口直行,4,5,2,0,011wwe2bbs100001,八涧堡路与轻风路路口,5,2,evening_peak,0.1633,0.0294,0.4334,,,16.2,0.0356,,OTHER,False,False,False,False,True,True
011wwe2909y00001,龙奥北路与龙奥西路路口,南进口左转,4,5,1,6,011wwe28bxq00001,奥体西路与龙奥北路路口,3,1,evening_peak,0.1481,0.0474,0.1833,1.2955,1.2955,64.8,0.0537,1.8264,TYPE2_LINE,False,True,True,True,False,True
011wwe2909y00001,龙奥北路与龙奥西路路口,西进口直行,6,7,2,2,011wwe290ey00001,柳康路与龙奥北路路口,7,2,evening_peak,0.1148,0.0407,0.2912,1.3516,1.3516,32.5,0.3544,0.7616,TYPE1_POINT,False,True,True,False,True,True
011wwe290ey00001,柳康路与龙奥北路路口,西进口直行,6,7,2,2,011wwe290sy00001,荷宁路与龙奥北路路口,7,2,evening_peak,0.3544,0.1466,0.3544,0.7616,0.7616,87.2,0.2757,,WEAK_TYPE1,False,False,False,False,True,True
011wwe290sy00001,荷宁路与龙奥北路路口,东进口直行,2,3,2,6,011wwe290ey00001,柳康路与龙奥北路路口,3,2,evening_peak,0.2449,0.0675,0.5186,,,51.0,0.3107,0.0,OTHER,False,False,False,False,True,True
011wwe290sy00001,荷宁路与龙奥北路路口,西进口直行,6,7,2,2,011wwe290wy00001,龙奥东路与龙奥北路路口,7,2,evening_peak,0.2757,0.0704,0.5756,,,32.0,0.2932,1.171,OTHER,False,False,False,True,False,True
011wwe290wy00001,龙奥东路与龙奥北路路口,东进口左转,2,3,1,4,011wwe23pyv00001,龙奥东路与龙洞立交桥路口,1,1,evening_peak,0.4919,0.0344,0.5697,1.3502,1.3502,126.5,0.0665,1.128,TYPE2_LINE,False,True,True,True,False,True
011wwe290wy00001,龙奥东路与龙奥北路路口,西进口直行,6,7,2,2,011wwe2929q00001,奥体东路与龙奥北路路口,7,2,evening_peak,0.2932,0.108,0.2932,1.171,1.171,70.6,0.2868,1.5881,TYPE2_LINE,False,True,True,True,False,True
011wwe291eu00001,柳康路与经十路路口,西进口直行,6,7,2,2,011wwe293dv00001,经十路辅路与草山岭西路路口,7,2,evening_peak,0.2229,0.0708,0.7414,,,60.8,0.1075,1.7991,OTHER,False,False,False,True,False,True
011wwe291ey00001,奥体中路与经十路路口,东进口直行,2,3,2,6,011wwe28ctu00001,奥体西路与经十路路口,3,2,evening_peak,0.3064,0.0584,1.2945,,,35.6,,1.5086,OTHER,False,False,False,,,False
011wwe291sx00001,奥体中路与经十路路口,东进口直行,2,3,2,6,011wwe291ey00001,奥体中路与经十路路口,3,2,evening_peak,0.3371,0.0799,0.3941,,,104.2,0.3064,,WEAK_TYPE1,False,False,False,False,True,True
011wwe291sx00001,奥体中路与经十路路口,西进口左转,6,7,1,0,011wwe294k300001,解放东路与奥体中路路口,5,1,evening_peak,0.1368,0.0394,0.6222,,,15.9,0.0916,1.7628,OTHER,False,False,False,True,False,True
011wwe291sx00001,奥体中路与经十路路口,西进口直行,6,7,2,2,011wwe293dv00001,经十路辅路与草山岭西路路口,7,2,evening_peak,0.4251,0.0257,1.4871,,,49.4,0.1075,1.7991,WEAK_TYPE2,False,False,False,True,False,True
011wwe2929q00001,奥体东路与龙奥北路路口,东进口左转,2,3,1,4,011wwe23rbm00001,奥体东路与龙奥南路路口,1,1,evening_peak,0.1592,0.0315,0.2038,,0.5312,51.1,,,OTHER,False,False,False,,,False
011wwe2929q00001,奥体东路与龙奥北路路口,西进口直行,6,7,2,2,011wwe292sj00001,舜海路与龙奥北路路口,7,2,evening_peak,0.2868,0.1155,0.4556,1.5881,1.5881,84.6,0.2123,,TYPE1_POINT,False,True,True,False,True,True
011wwe292sj00001,舜海路与龙奥北路路口,西进口直行,6,7,2,2,011wwe292tw00001,舜义路与龙奥北路路口,7,2,evening_peak,0.2123,0.0536,0.4538,,,71.6,0.3455,,OTHER,False,False,False,False,True,True
011wwe292sn00001,舜海路与龙奥北路路口,东进口直行,2,3,2,6,011wwe2929q00001,奥体东路与龙奥北路路口,3,2,evening_peak,0.4759,0.074,0.7726,,,72.2,0.2256,0.0,WEAK_TYPE1,False,False,False,False,True,True
011wwe292tw00001,舜义路与龙奥北路路口,西进口直行,6,7,2,2,011wwe292xm00001,龙奥北路与无名道路路口,7,2,evening_peak,0.3455,0.124,0.4146,,,60.0,,0.737,OTHER,False,False,False,,,False
011wwe292um00001,舜海路与辰光路路口,东进口左转,2,3,1,4,011wwe292sn00001,舜海路与龙奥北路路口,1,1,evening_peak,0.0638,0.0105,0.1392,,0.5455,11.0,0.0,,OTHER,False,False,False,False,True,True
011wwe292vu00001,舜义路与辰光路路口,东进口左转,2,3,1,4,011wwe292tw00001,舜义路与龙奥北路路口,1,1,evening_peak,0.0684,0.0068,0.2387,,0.375,24.6,,,OTHER,False,False,False,,,False
011wwe292vu00001,舜义路与辰光路路口,东进口直行,2,3,2,6,011wwe292um00001,舜海路与辰光路路口,3,2,evening_peak,0.1714,0.0135,0.2165,,,61.6,0.1578,,OTHER,False,False,False,False,True,True
011wwe292vu00001,舜义路与辰光路路口,南进口左转,4,5,1,6,011wwe292um00001,舜海路与辰光路路口,3,1,evening_peak,0.2519,0.0115,0.6238,,0.3243,30.2,0.0638,0.0,OTHER,False,False,False,False,True,True
011wwe2934t00001,奥体东路与奥体东路路口,南进口直行,4,5,2,0,011wwe293dv00001,经十路辅路与草山岭西路路口,5,2,evening_peak,0.6829,0.0357,0.6829,,,35.4,0.1314,,WEAK_TYPE1,False,False,False,False,True,True
011wwe293dv00001,经十路辅路与草山岭西路路口,东进口左转,2,3,1,4,011wwe2934t00001,奥体东路与奥体东路路口,1,1,evening_peak,0.0965,0.0253,0.0965,1.7419,1.7419,41.3,,,UNKNOWN_DOWNSTREAM,False,True,True,,,False
011wwe293dv00001,经十路辅路与草山岭西路路口,东进口直行,2,3,2,6,011wwe291sx00001,奥体中路与经十路路口,3,2,evening_peak,0.1748,0.0495,0.1748,1.7778,1.7778,74.8,0.3371,,TYPE1_POINT,False,True,True,False,True,True
011wwe293dv00001,经十路辅路与草山岭西路路口,南进口左转,4,5,1,6,011wwe291sx00001,奥体中路与经十路路口,3,1,evening_peak,0.1208,0.0483,0.1797,1.7174,1.7174,34.0,0.1488,,TYPE1_POINT,False,True,True,False,True,True
011wwe293dv00001,经十路辅路与草山岭西路路口,西进口直行,6,7,2,2,011wwe293wd00001,草山岭中路与草山岭南路路口,7,2,evening_peak,0.1075,0.0295,0.1412,1.7991,1.7991,79.6,0.3108,0.4144,TYPE1_POINT,False,True,True,False,True,True
011wwe293hz00001,舜海路与辰鸣路路口,北进口左转,0,1,1,2,011wwe293nq00001,舜义路与辰鸣路路口,7,1,evening_peak,0.3815,0.0408,0.3925,,0.1739,48.8,0.1934,0.0,WEAK_TYPE1,False,False,False,False,True,True
011wwe293hz00001,舜海路与辰鸣路路口,西进口直行,6,7,2,2,011wwe293nq00001,舜义路与辰鸣路路口,7,2,evening_peak,0.2193,0.0367,0.8748,,,39.6,0.0349,,OTHER,False,False,False,False,True,True
011wwe293nq00001,舜义路与辰鸣路路口,西进口左转,6,7,1,0,011wwe293wd00001,草山岭中路与草山岭南路路口,5,1,evening_peak,0.1934,0.0435,0.4902,,0.4138,34.4,0.2784,0.4321,OTHER,False,False,False,False,True,True
011wwe293wd00001,草山岭中路与草山岭南路路口,北进口左转,0,1,1,2,011wwe299uq00001,经十路与舜华路路口,7,1,evening_peak,0.2495,0.049,0.2993,,0.2308,25.0,,1.8763,OTHER,False,False,False,,,False
011wwe293wd00001,草山岭中路与草山岭南路路口,北进口直行,0,1,2,4,011wwe293nq00001,舜义路与辰鸣路路口,1,2,evening_peak,0.4949,0.1012,1.0716,,0.2308,49.6,0.4937,,WEAK_TYPE1,False,False,False,False,True,True
011wwe293wd00001,草山岭中路与草山岭南路路口,东进口左转,2,3,1,4,011wwe293nq00001,舜义路与辰鸣路路口,1,1,evening_peak,0.0314,0.0102,0.0677,1.0559,1.0559,22.3,0.062,0.0,TYPE1_POINT,False,True,True,False,True,True
011wwe293wd00001,草山岭中路与草山岭南路路口,东进口直行,2,3,2,6,011wwe293dv00001,经十路辅路与草山岭西路路口,3,2,evening_peak,0.0748,0.0231,0.1221,1.7311,1.7311,53.1,0.1748,1.7778,TYPE2_LINE,False,True,True,True,False,True
011wwe293wd00001,草山岭中路与草山岭南路路口,南进口左转,4,5,1,6,011wwe293dv00001,经十路辅路与草山岭西路路口,3,1,evening_peak,0.2784,0.068,0.346,0.4321,0.4321,49.4,0.0965,1.7419,OTHER,False,False,False,True,False,True
011wwe293wd00001,草山岭中路与草山岭南路路口,西进口直行,6,7,2,2,011wwe299uq00001,经十路与舜华路路口,7,2,evening_peak,0.3108,0.0361,0.3108,0.4144,0.4144,142.5,,1.9367,OTHER,False,False,False,,,False
011wwe2942300001,礼耕路与解放东路路口,北进口左转,0,1,1,2,011wwe2946100001,解放东路与重德路路口,7,1,evening_peak,0.173,0.0075,0.3433,,0.2553,38.6,,,OTHER,False,False,False,,,False
011wwe2942300001,礼耕路与解放东路路口,南进口直行,4,5,2,0,011wwe2948q00001,坤顺路与礼耕路路口,5,2,evening_peak,0.2063,0.0243,0.4252,,0.2553,26.4,0.0914,,OTHER,False,False,False,False,True,True
011wwe2946100001,解放东路与重德路路口,北进口左转,0,1,1,2,011wwe294k300001,解放东路与奥体中路路口,7,1,evening_peak,0.0973,0.0087,0.1858,,,21.8,0.1625,0.0,OTHER,False,False,False,False,True,True
011wwe2946100001,解放东路与重德路路口,东进口直行,2,3,2,6,011wwe2942300001,礼耕路与解放东路路口,3,2,evening_peak,0.1957,0.0413,0.7599,,0.1379,47.4,0.199,0.0,OTHER,False,False,False,False,True,True
011wwe2946100001,解放东路与重德路路口,南进口左转,4,5,1,6,011wwe2942300001,礼耕路与解放东路路口,3,1,evening_peak,0.1341,0.0088,0.1341,,0.2308,39.2,,,OTHER,False,False,False,,,False
011wwe2946100001,解放东路与重德路路口,南进口直行,4,5,2,0,011wwe294dn00001,坤顺路与重德路路口,5,2,evening_peak,0.1026,0.0052,0.1957,,,30.0,0.0429,,OTHER,False,False,False,False,True,True
011wwe2946100001,解放东路与重德路路口,西进口直行,6,7,2,2,011wwe294k300001,解放东路与奥体中路路口,7,2,evening_peak,0.255,0.0453,0.5053,,0.1212,53.2,0.0912,,OTHER,False,False,False,False,True,True
011wwe2948q00001,坤顺路与礼耕路路口,北进口左转,0,1,1,2,011wwe294dn00001,坤顺路与重德路路口,7,1,evening_peak,0.0611,0.0017,0.3017,,0.3243,22.0,0.1218,0.3527,OTHER,False,False,False,False,True,True
011wwe2948q00001,坤顺路与礼耕路路口,北进口直行,0,1,2,4,011wwe2942300001,礼耕路与解放东路路口,1,2,evening_peak,0.0944,0.0082,0.46,,0.3243,34.0,0.2491,,OTHER,False,False,False,False,True,True
011wwe2948q00001,坤顺路与礼耕路路口,东进口左转,2,3,1,4,011wwe2942300001,礼耕路与解放东路路口,1,1,evening_peak,0.1719,0.0113,0.5273,0.4506,0.4506,23.4,0.173,0.0,OTHER,False,False,False,False,True,True
011wwe2948q00001,坤顺路与礼耕路路口,西进口直行,6,7,2,2,011wwe294dn00001,坤顺路与重德路路口,7,2,evening_peak,0.1353,0.0257,0.764,0.3331,0.3331,41.4,0.3924,0.2743,OTHER,False,False,False,False,True,True
011wwe294dn00001,坤顺路与重德路路口,东进口左转,2,3,1,4,011wwe2946100001,解放东路与重德路路口,1,1,evening_peak,0.1784,0.0108,0.1784,0.4702,0.4702,29.6,0.0973,,OTHER,False,False,False,False,True,True
011wwe294dn00001,坤顺路与重德路路口,西进口直行,6,7,2,2,011wwe294sq00001,坤顺路与奥体中路路口,7,2,evening_peak,0.3924,0.036,0.4926,0.2743,0.3243,83.8,0.2094,0.8093,WEAK_TYPE2,False,False,False,True,False,True
011wwe294k300001,解放东路与奥体中路路口,北进口直行,0,1,2,4,011wwe291ey00001,奥体中路与经十路路口,1,2,evening_peak,0.3681,0.1417,0.3681,1.8,1.8,86.4,,,UNKNOWN_DOWNSTREAM,False,True,True,,,False
011wwe294k300001,解放东路与奥体中路路口,南进口左转,4,5,1,6,011wwe2946100001,解放东路与重德路路口,3,1,evening_peak,0.0916,0.0376,0.1499,1.7628,1.7628,30.8,,,UNKNOWN_DOWNSTREAM,False,True,True,,,False
011wwe294k300001,解放东路与奥体中路路口,南进口直行,4,5,2,0,011wwe294sq00001,坤顺路与奥体中路路口,5,2,evening_peak,0.2692,0.0617,0.3022,1.0641,1.0641,90.5,0.3592,1.2078,TYPE2_LINE,False,True,True,True,False,True
011wwe294k300001,解放东路与奥体中路路口,西进口左转,6,7,1,0,011wwe294sq00001,坤顺路与奥体中路路口,5,1,evening_peak,0.1625,0.0336,0.1625,,0.5556,39.2,0.19,1.9948,OTHER,False,False,False,True,False,True
011wwe294sq00001,坤顺路与奥体中路路口,东进口左转,2,3,1,4,011wwe294k300001,解放东路与奥体中路路口,1,1,evening_peak,0.1583,0.0281,0.3656,0.7562,0.7562,33.6,0.0439,2.6768,OTHER,False,False,False,True,False,True
011wwe294sq00001,坤顺路与奥体中路路口,南进口直行,4,5,2,0,011wwe2955b00001,奥体中路与奥体中路路口,5,2,evening_peak,0.3592,0.0509,0.5311,1.2078,1.2078,83.2,,,UNKNOWN_DOWNSTREAM,False,True,True,,,False
011wwe294sq00001,坤顺路与奥体中路路口,西进口左转,6,7,1,0,011wwe2955b00001,奥体中路与奥体中路路口,5,1,evening_peak,0.101,0.009,0.1434,0.6662,0.6662,24.8,,,OTHER,False,False,False,,,False
011wwe294sq00001,坤顺路与奥体中路路口,西进口直行,6,7,2,2,011wwe294wp00001,岔口,7,2,evening_peak,0.2094,0.0229,0.3462,0.8093,0.8093,51.4,,,OTHER,False,False,False,,,False
011wwe2952100001,安成街与大辛河西路路口,北进口左转,0,1,1,2,011wwe2956h00001,天泺路与礼耕路路口,7,1,evening_peak,0.0985,0.0017,0.539,0.144,0.4444,22.0,0.1178,0.0,OTHER,False,False,False,False,True,True
011wwe2952100001,安成街与大辛河西路路口,北进口直行,0,1,2,4,011wwe2948q00001,坤顺路与礼耕路路口,1,2,evening_peak,0.0582,0.0032,0.2328,0.168,0.4444,13.0,0.0944,0.0,OTHER,False,False,False,False,True,True
011wwe2952100001,安成街与大辛河西路路口,东进口左转,2,3,1,4,011wwe2948q00001,坤顺路与礼耕路路口,1,1,evening_peak,0.074,0.0069,0.1004,,0.3243,18.0,0.0611,0.0,OTHER,False,False,False,False,True,True
011wwe2952100001,安成街与大辛河西路路口,东进口直行,2,3,2,6,011wwe28gm900001,安成街与奥体西路路口,3,2,evening_peak,0.5552,0.018,0.5552,,0.3243,135.0,0.1312,0.0,WEAK_TYPE1,False,False,False,False,True,True
011wwe2952100001,安成街与大辛河西路路口,南进口左转,4,5,1,6,011wwe28gm900001,安成街与奥体西路路口,3,1,evening_peak,0.4251,0.011,0.4251,,0.4444,83.0,0.1178,0.0,WEAK_TYPE1,False,False,False,False,True,True
011wwe2952100001,安成街与大辛河西路路口,南进口直行,4,5,2,0,011wwe28gxs00001,大辛河西路与大辛河西路路口,5,2,evening_peak,0.0666,0.0061,0.3586,,0.4444,13.0,,,OTHER,False,False,False,,,False
011wwe2952100001,安成街与大辛河西路路口,西进口左转,6,7,1,0,011wwe28gxs00001,大辛河西路与大辛河西路路口,5,1,evening_peak,0.033,0.0009,0.0904,,0.3243,9.8,,,OTHER,False,False,False,,,False
011wwe2952100001,安成街与大辛河西路路口,西进口直行,6,7,2,2,011wwe2956h00001,天泺路与礼耕路路口,7,2,evening_peak,0.1126,0.0141,0.116,,0.3243,33.4,0.2126,0.0,OTHER,False,False,False,False,True,True
011wwe2956h00001,天泺路与礼耕路路口,东进口直行,2,3,2,6,011wwe2952100001,安成街与大辛河西路路口,3,2,evening_peak,0.86,0.0276,0.86,,0.2857,235.2,0.5552,0.0,TYPE1_POINT,True,False,False,False,True,True
011wwe2956h00001,天泺路与礼耕路路口,西进口左转,6,7,1,0,011wwe295cm00001,奥体中路与新泺大街路口,5,1,evening_peak,0.1178,0.0172,0.1603,,0.2857,28.8,,,OTHER,False,False,False,,,False
011wwe2956h00001,天泺路与礼耕路路口,西北进口直行,7,8,2,3,011wwe294gz00001,奥体中路与奥体中路路口,8,2,evening_peak,0.0999,0.0354,0.4667,,,33.4,,,OTHER,False,False,False,,,False
011wwe295cm00001,奥体中路与新泺大街路口,北进口左转,0,1,1,2,011wwe29hj300001,天泺路与新泺大街路口,7,1,evening_peak,0.0426,0.0032,0.094,1.1552,1.1552,18.8,0.0292,0.324,TYPE1_POINT,False,True,True,False,True,True
011wwe295cm00001,奥体中路与新泺大街路口,北进口直行,0,1,2,4,011wwe2956h00001,天泺路与礼耕路路口,1,2,evening_peak,0.1044,0.0244,0.2111,0.9306,0.9306,46.1,,,UNKNOWN_DOWNSTREAM,False,True,True,,,False
011wwe295cm00001,奥体中路与新泺大街路口,东进口左转,2,3,1,4,011wwe2956h00001,天泺路与礼耕路路口,1,1,evening_peak,0.2382,0.0241,0.2382,1.3717,1.3717,72.8,,,UNKNOWN_DOWNSTREAM,False,True,True,,,False
011wwe295cm00001,奥体中路与新泺大街路口,东进口直行,2,3,2,6,011wwe28gyu00001,新泺大街与大辛河西路路口,3,2,evening_peak,0.212,0.0987,0.2709,1.2735,1.2735,64.8,0.3936,,TYPE1_POINT,False,True,True,False,True,True
011wwe295cm00001,奥体中路与新泺大街路口,西进口左转,6,7,1,0,011wwe29h9n00001,天辰路与奥体中路路口,5,1,evening_peak,0.0706,0.0166,0.0706,,1.0455,20.1,0.0428,0.9143,OTHER,False,False,False,True,False,True
011wwe295cm00001,奥体中路与新泺大街路口,西进口直行,6,7,2,2,011wwe29hj300001,天泺路与新泺大街路口,7,2,evening_peak,0.3641,0.1254,0.3641,,0.697,103.6,0.1019,0.4166,WEAK_TYPE1,False,False,False,False,True,True
011wwe297u700001,崇华路与舜华西路路口,北进口左转,0,1,1,2,011wwe297x600001,舜华东路与舜华西路路口,7,1,evening_peak,0.0392,0.0004,0.0408,,,15.4,,0.0,OTHER,False,False,False,,,False
011wwe29e0r00001,伯乐路与舜华路路口,东南进口直行,3,4,2,7,011wwe297x600001,舜华东路与舜华西路路口,4,2,evening_peak,0.4584,0.1139,0.5637,,,67.0,,,OTHER,False,False,False,,,False
011wwe29e0r00001,伯乐路与舜华路路口,西北进口直行,7,8,2,3,011wwe29e0b00002,舜华路辅路与舜华路路口,8,2,evening_peak,0.8669,0.1001,0.9075,,,81.0,,,UNKNOWN_DOWNSTREAM,True,False,False,,,False
011wwe29gdt00001,凤山南路与凤凰路路口,北进口左转,0,1,1,2,011wwe29gtp00001,凤山南路与刘智远路路口,7,1,evening_peak,0.0474,0.0056,0.1029,,,12.4,0.0742,,OTHER,False,False,False,False,True,True
011wwe29gdt00001,凤山南路与凤凰路路口,北进口直行,0,1,2,4,011wwe29g4v00001,舜泰北路与凤凰路路口,1,2,evening_peak,0.1668,0.0533,0.2578,,,43.6,,,OTHER,False,False,False,,,False
011wwe29gdt00001,凤山南路与凤凰路路口,东进口左转,2,3,1,4,011wwe29g4v00001,舜泰北路与凤凰路路口,1,1,evening_peak,0.0875,0.0273,0.2339,,,25.7,,,OTHER,False,False,False,,,False
011wwe29gdt00001,凤山南路与凤凰路路口,南进口直行,4,5,2,0,011wwe29u9v00001,凤凰路与舜风路路口,5,2,evening_peak,0.3959,0.0748,0.4061,,,116.0,0.1022,,WEAK_TYPE1,False,False,False,False,True,True
011wwe29grt00001,无名道路与凤山西路路口,北进口直行,0,1,2,4,011wwe29gpe00001,凤凰南路与凤山西路路口,1,2,evening_peak,0.1284,0.0008,0.1284,,,26.8,,,OTHER,False,False,False,,,False
011wwe29grt00001,无名道路与凤山西路路口,南进口直行,4,5,2,0,011wwe29gz200001,凤山南路与凤山西路路口,5,2,evening_peak,0.2376,0.0094,0.2376,,,45.0,0.1025,,OTHER,False,False,False,False,True,True
011wwe29gtp00001,凤山南路与刘智远路路口,北进口左转,0,1,1,2,011wwe29gz200001,凤山南路与凤山西路路口,7,1,evening_peak,0.0309,0.003,0.18,,,17.4,0.0386,,OTHER,False,False,False,False,True,True
011wwe29gtp00001,凤山南路与刘智远路路口,东进口直行,2,3,2,6,011wwe29gdt00001,凤山南路与凤凰路路口,3,2,evening_peak,0.1539,0.0286,0.3064,,,40.4,0.0,,OTHER,False,False,False,False,True,True
011wwe29gtp00001,凤山南路与刘智远路路口,西进口直行,6,7,2,2,011wwe29gz200001,凤山南路与凤山西路路口,7,2,evening_peak,0.0987,0.0201,0.1293,,,29.0,0.0787,,OTHER,False,False,False,False,True,True
011wwe29gz200001,凤山南路与凤山西路路口,北进口左转,0,1,1,2,011wwe2d5cd00001,凤山南路与凤山路路口,7,1,evening_peak,0.0524,0.0024,0.2709,,,16.4,0.1403,,OTHER,False,False,False,False,True,True
011wwe29gz200001,凤山南路与凤山西路路口,北进口直行,0,1,2,4,011wwe29grt00001,无名道路与凤山西路路口,1,2,evening_peak,0.0511,0.0038,0.1009,,,16.0,0.1284,,OTHER,False,False,False,False,True,True
011wwe29gz200001,凤山南路与凤山西路路口,东进口左转,2,3,1,4,011wwe29grt00001,无名道路与凤山西路路口,1,1,evening_peak,0.0131,0.0008,0.0713,,,3.5,0.045,,OTHER,False,False,False,False,True,True
011wwe29gz200001,凤山南路与凤山西路路口,东进口直行,2,3,2,6,011wwe29gtp00001,凤山南路与刘智远路路口,3,2,evening_peak,0.1404,0.0221,0.3859,,,37.4,0.1539,,OTHER,False,False,False,False,True,True
011wwe29gz200001,凤山南路与凤山西路路口,南进口左转,4,5,1,6,011wwe29gtp00001,凤山南路与刘智远路路口,3,1,evening_peak,0.1044,0.0139,0.2328,,,21.8,0.1181,,OTHER,False,False,False,False,True,True
011wwe29gz200001,凤山南路与凤山西路路口,西进口直行,6,7,2,2,011wwe2d5cd00001,凤山南路与凤山路路口,7,2,evening_peak,0.0787,0.0143,0.4447,,,20.6,0.04,,OTHER,False,False,False,False,True,True
011wwe29h9n00001,天辰路与奥体中路路口,北进口左转,0,1,1,2,011wwe29hu900001,天泺路与天辰路路口,7,1,evening_peak,0.3189,0.0141,0.3189,0.8115,0.8115,130.6,0.2874,0.0945,WEAK_TYPE1,False,False,False,False,True,True
011wwe29h9n00001,天辰路与奥体中路路口,北进口直行,0,1,2,4,011wwe295cm00001,奥体中路与新泺大街路口,1,2,evening_peak,0.2188,0.0661,0.3442,0.9718,0.9718,89.6,0.1044,0.9306,TYPE2_LINE,False,True,True,True,False,True
011wwe29h9n00001,天辰路与奥体中路路口,东进口左转,2,3,1,4,011wwe295cm00001,奥体中路与新泺大街路口,1,1,evening_peak,0.3972,0.1224,0.5142,1.0903,1.0903,44.8,0.0426,1.1552,TYPE2_LINE,False,True,True,True,False,True
011wwe29h9n00001,天辰路与奥体中路路口,南进口直行,4,5,2,0,011wwe29j2u00001,奥体中路与工业南路路口,5,2,evening_peak,0.1731,0.0393,0.2159,1.2764,1.2764,77.2,0.1676,0.0,TYPE1_POINT,False,True,True,False,True,True
011wwe29h9n00001,天辰路与奥体中路路口,西进口左转,6,7,1,0,011wwe29j2u00001,奥体中路与工业南路路口,5,1,evening_peak,0.0619,0.0122,0.2946,0.4605,0.8125,17.4,0.1015,0.0,OTHER,False,False,False,False,True,True
011wwe29h9n00001,天辰路与奥体中路路口,西进口直行,6,7,2,2,011wwe29hu900001,天泺路与天辰路路口,7,2,evening_peak,0.1865,0.0642,0.4292,0.7314,0.8125,52.4,0.0899,0.4566,OTHER,False,False,False,False,True,True
011wwe29hj300001,天泺路与新泺大街路口,北进口左转,0,1,1,2,011wwe29k1q00001,崇华路与新泺大街路口,7,1,evening_peak,0.103,0.0177,0.3224,0.4628,0.4628,21.8,,1.2881,OTHER,False,False,False,,,False
011wwe29hj300001,天泺路与新泺大街路口,西进口直行,6,7,2,2,011wwe29k1q00001,崇华路与新泺大街路口,7,2,evening_peak,0.1019,0.0315,0.1804,0.4166,0.4166,48.8,,2.2443,OTHER,False,False,False,,,False
011wwe29hu900001,天泺路与天辰路路口,北进口左转,0,1,1,2,011wwe29hzm00001,天辰路与崇华路路口,7,1,evening_peak,0.2291,0.0043,0.4245,0.1862,0.3871,57.0,0.303,3.0848,OTHER,False,False,False,True,False,True
011wwe29hu900001,天泺路与天辰路路口,南进口直行,4,5,2,0,011wwe29jhn00001,天泺路与天泺路路口,5,2,evening_peak,0.1389,0.0151,0.4323,,,35.6,,0.2314,OTHER,False,False,False,,,False
011wwe29hu900001,天泺路与天辰路路口,西进口左转,6,7,1,0,011wwe29jhn00001,天泺路与天泺路路口,5,1,evening_peak,0.2874,0.0029,0.2874,0.0945,0.2353,117.6,,,OTHER,False,False,False,,,False
011wwe29hu900001,天泺路与天辰路路口,西进口直行,6,7,2,2,011wwe29hzm00001,天辰路与崇华路路口,7,2,evening_peak,0.0899,0.0217,0.4795,0.4566,0.4566,36.8,0.1643,0.9183,OTHER,False,False,False,True,False,True
011wwe29hzm00001,天辰路与崇华路路口,东北进口左转,1,2,1,3,011wwe29k1q00001,崇华路与新泺大街路口,8,1,evening_peak,0.3915,0.0567,0.4069,,,40.6,0.076,,WEAK_TYPE1,False,False,False,False,True,True
011wwe29hzm00001,天辰路与崇华路路口,西北进口左转,7,8,1,1,011wwe29m6200001,天辰路与舜华路路口,6,1,evening_peak,0.0321,0.0076,0.0457,,,15.3,0.1675,,OTHER,False,False,False,False,True,True
011wwe29hzm00001,天辰路与崇华路路口,西北进口直行,7,8,2,3,011wwe29k1q00001,崇华路与新泺大街路口,8,2,evening_peak,0.2183,0.0617,0.458,,,104.2,0.1536,,OTHER,False,False,False,False,True,True
011wwe29j2u00001,奥体中路与工业南路路口,北进口直行,0,1,2,4,011wwe29h9n00001,天辰路与奥体中路路口,1,2,evening_peak,0.4284,0.1002,0.5795,1.68,1.68,55.0,0.2188,0.9718,TYPE2_LINE,False,True,True,True,False,True
011wwe29j2u00001,奥体中路与工业南路路口,东进口左转,2,3,1,4,011wwe29h9n00001,天辰路与奥体中路路口,1,1,evening_peak,0.2123,0.0434,0.228,,0.5652,48.6,0.3189,0.8115,OTHER,False,False,False,True,False,True
011wwe29j2u00001,奥体中路与工业南路路口,南进口直行,4,5,2,0,011wwe29jbf00001,会展路与奥体中路路口,5,2,evening_peak,0.1676,0.0425,0.1676,,0.3611,69.0,0.1895,0.9459,OTHER,False,False,False,True,False,True
011wwe29j2u00001,奥体中路与工业南路路口,西进口左转,6,7,1,0,011wwe29jbf00001,会展路与奥体中路路口,5,1,evening_peak,0.1987,0.0752,0.2769,,0.5652,51.8,0.1431,0.8955,OTHER,False,False,False,True,False,True
011wwe29jbf00001,会展路与奥体中路路口,北进口左转,0,1,1,2,011wwe29nh000001,会展路与崇华路路口,7,1,evening_peak,0.0602,0.0063,0.1265,0.8,0.8,23.6,0.0469,,OTHER,False,False,False,False,True,True
011wwe29jbf00001,会展路与奥体中路路口,北进口直行,0,1,2,4,011wwe29j2u00001,奥体中路与工业南路路口,1,2,evening_peak,0.1199,0.0443,0.1887,1.1714,1.1714,47.0,0.4284,1.68,TYPE2_LINE,False,True,True,True,False,True
011wwe29jbf00001,会展路与奥体中路路口,东进口左转,2,3,1,4,011wwe29j2u00001,奥体中路与工业南路路口,1,1,evening_peak,0.0652,0.0132,0.0652,0.9829,0.9829,25.7,0.2477,0.7143,TYPE1_POINT,False,True,True,False,True,True
011wwe29jbf00001,会展路与奥体中路路口,东进口直行,2,3,2,6,011wwe28vz100001,会展路与正奥路路口,3,2,evening_peak,0.5739,0.0491,0.5739,0.763,0.763,226.4,0.2617,0.3968,WEAK_TYPE1,False,False,False,False,True,True
011wwe29jbf00001,会展路与奥体中路路口,南进口左转,4,5,1,6,011wwe28vz100001,会展路与正奥路路口,3,1,evening_peak,0.1431,0.0181,0.1431,0.8955,0.8955,35.2,0.0554,0.4188,TYPE1_POINT,False,False,True,False,True,True
011wwe29jbf00001,会展路与奥体中路路口,南进口直行,4,5,2,0,011wwe29n3p00001,兴贤北街与奥体中路路口,5,2,evening_peak,0.1895,0.0537,0.5376,0.9459,0.9459,46.6,0.3518,,TYPE1_POINT,False,True,True,False,True,True
011wwe29jbf00001,会展路与奥体中路路口,西进口左转,6,7,1,0,011wwe29n3p00001,兴贤北街与奥体中路路口,5,1,evening_peak,0.1514,0.0114,0.1545,0.9067,0.9067,29.4,0.0707,,TYPE1_POINT,False,True,True,False,True,True
011wwe29jbf00001,会展路与奥体中路路口,西进口直行,6,7,2,2,011wwe29nh000001,会展路与崇华路路口,7,2,evening_peak,0.2029,0.0614,1.0838,0.8886,0.8886,39.4,0.1185,,TYPE1_POINT,False,False,True,False,True,True
011wwe29jt700001,崇华路与工业南路路口,东北进口左转,1,2,1,3,011wwe29hzm00001,天辰路与崇华路路口,8,1,evening_peak,0.4404,0.0973,0.9155,,,45.8,0.0321,,WEAK_TYPE1,False,False,False,False,True,True
011wwe29jt700001,崇华路与工业南路路口,东南进口直行,3,4,2,7,011wwe29nh000001,会展路与崇华路路口,4,2,evening_peak,0.2022,0.0757,0.3869,,,78.4,0.2684,,OTHER,False,False,False,False,True,True
011wwe29jt700001,崇华路与工业南路路口,西北进口直行,7,8,2,3,011wwe29hzm00001,天辰路与崇华路路口,8,2,evening_peak,0.2199,0.0845,0.4825,,,54.6,0.2183,,OTHER,False,False,False,False,True,True
011wwe29jyc00001,工业南路与会展西路路口,西南进口直行,5,6,2,1,011wwe29mbr00001,工业南路与舜华路路口,6,2,evening_peak,0.2089,0.0398,0.2991,,,45.4,0.39,,OTHER,False,False,False,False,True,True
011wwe29jyc00001,工业南路与会展西路路口,西北进口左转,7,8,1,1,011wwe29mbr00001,工业南路与舜华路路口,6,1,evening_peak,0.1082,0.0262,0.4146,,,28.0,0.1153,,OTHER,False,False,False,False,True,True
011wwe29k1q00001,崇华路与新泺大街路口,东北进口左转,1,2,1,3,011wwe297gj00001,崇华路与浪潮路路口,8,1,evening_peak,0.1715,0.0275,0.2323,,,22.6,0.1332,,OTHER,False,False,False,False,True,True
011wwe29k1q00001,崇华路与新泺大街路口,西北进口左转,7,8,1,1,011wwe29k7w00001,新泺大街与舜华西路路口,6,1,evening_peak,0.076,0.0077,0.076,,,37.6,0.0269,,OTHER,False,False,False,False,True,True
011wwe29k1q00001,崇华路与新泺大街路口,西北进口直行,7,8,2,3,011wwe297gj00001,崇华路与浪潮路路口,8,2,evening_peak,0.1536,0.0612,0.1573,,,76.0,0.3176,,OTHER,False,False,False,False,True,True
011wwe29k7w00001,新泺大街与舜华西路路口,西南进口直行,5,6,2,1,011wwe29ksd00001,新泺大街与舜华路路口,6,2,evening_peak,0.3753,0.0684,0.3753,,,114.6,0.3936,,WEAK_TYPE1,False,False,False,False,True,True
011wwe29ksd00001,新泺大街与舜华路路口,东北进口直行,1,2,2,5,011wwe29k7w00001,新泺大街与舜华西路路口,2,2,evening_peak,0.5149,0.1932,0.9287,,,67.2,0.2914,,WEAK_TYPE1,False,False,False,False,True,True
011wwe29ksd00001,新泺大街与舜华路路口,西南进口直行,5,6,2,1,011wwe29ktm00001,新泺大街与舜华东路路口,6,2,evening_peak,0.3936,0.0114,1.0607,,,47.2,,,OTHER,False,False,False,,,False
011wwe29ksd00001,新泺大街与舜华路路口,西北进口左转,7,8,1,1,011wwe29ktm00001,新泺大街与舜华东路路口,6,1,evening_peak,0.2645,0.0383,0.2645,,,32.2,,,OTHER,False,False,False,,,False
011wwe29kzw00001,新泺大街与颖秀路路口,东北进口直行,1,2,2,5,011wwe29ktm00001,新泺大街与舜华东路路口,2,2,evening_peak,0.2447,0.0694,0.5143,,,60.8,,,OTHER,False,False,False,,,False
011wwe29kzw00001,新泺大街与颖秀路路口,西南进口直行,5,6,2,1,011wwe29t1y00001,新泺大街与舜旺路路口,6,2,evening_peak,0.1609,0.0438,0.4172,,,48.6,0.5952,,OTHER,False,False,False,False,True,True
011wwe29kzw00001,新泺大街与颖秀路路口,西北进口左转,7,8,1,1,011wwe29t1y00001,新泺大街与舜旺路路口,6,1,evening_peak,0.0808,0.021,0.0808,,,39.6,,,OTHER,False,False,False,,,False
011wwe29m6200001,天辰路与舜华路路口,东北进口左转,1,2,1,3,011wwe29ksd00001,新泺大街与舜华路路口,8,1,evening_peak,0.1326,0.0185,0.1326,,,27.6,0.2645,,OTHER,False,False,False,False,True,True
011wwe29m6200001,天辰路与舜华路路口,东南进口直行,3,4,2,7,011wwe29m9q00001,舜华路与舜华路辅路路口,4,2,evening_peak,0.238,0.0714,0.238,,,43.1,,,OTHER,False,False,False,,,False
011wwe29m6200001,天辰路与舜华路路口,西南进口左转,5,6,1,7,011wwe29m9q00001,舜华路与舜华路辅路路口,4,1,evening_peak,0.1675,0.0075,0.1675,,,69.9,,,OTHER,False,False,False,,,False
011wwe29m6200001,天辰路与舜华路路口,西南进口直行,5,6,2,1,011wwe29mts00001,天辰路与颖秀路路口,6,2,evening_peak,0.1098,0.0432,0.3998,,,45.8,0.1869,,OTHER,False,False,False,False,True,True
011wwe29m6200001,天辰路与舜华路路口,西北进口左转,7,8,1,1,011wwe29mts00001,天辰路与颖秀路路口,6,1,evening_peak,0.3222,0.0378,0.3762,,,33.4,0.0301,,WEAK_TYPE1,False,False,False,False,True,True
011wwe29m6200001,天辰路与舜华路路口,西北进口直行,7,8,2,3,011wwe29ksd00001,新泺大街与舜华路路口,8,2,evening_peak,0.1553,0.0626,0.4071,,,16.1,,,OTHER,False,False,False,,,False
011wwe29mbr00001,工业南路与舜华路路口,东北进口直行,1,2,2,5,011wwe29jyc00001,工业南路与会展西路路口,2,2,evening_peak,0.1709,0.0533,0.2781,,,35.4,0.1935,,OTHER,False,False,False,False,True,True
011wwe29mbr00001,工业南路与舜华路路口,东南进口左转,3,4,1,5,011wwe29jyc00001,工业南路与会展西路路口,2,1,evening_peak,0.0555,0.0216,0.0555,,,39.4,,,OTHER,False,False,False,,,False
011wwe29mts00001,天辰路与颖秀路路口,东北进口左转,1,2,1,3,011wwe29kzw00001,新泺大街与颖秀路路口,8,1,evening_peak,0.1432,0.0159,0.2273,,,51.8,0.0808,,OTHER,False,False,False,False,True,True
011wwe29mts00001,天辰路与颖秀路路口,西南进口直行,5,6,2,1,011wwe29w4n00001,天辰路与开拓路路口,6,2,evening_peak,0.1869,0.0401,0.5958,,,79.0,0.0969,,OTHER,False,False,False,False,True,True
011wwe29mts00001,天辰路与颖秀路路口,西北进口左转,7,8,1,1,011wwe29w4n00001,天辰路与开拓路路口,6,1,evening_peak,0.0646,0.009,0.0751,,,30.8,0.0704,,OTHER,False,False,False,False,True,True
011wwe29mts00001,天辰路与颖秀路路口,西北进口直行,7,8,2,3,011wwe29kzw00001,新泺大街与颖秀路路口,8,2,evening_peak,0.2261,0.0596,0.2971,,,107.8,0.1829,,OTHER,False,False,False,False,True,True
011wwe29n3p00001,兴贤北街与奥体中路路口,北进口直行,0,1,2,4,011wwe29jbf00001,会展路与奥体中路路口,1,2,evening_peak,0.0772,0.0188,0.1883,,,30.0,0.1199,1.1714,OTHER,False,False,False,True,False,True
011wwe29n3p00001,兴贤北街与奥体中路路口,南进口左转,4,5,1,6,011wwe28yx100001,兴贤北街与正奥路路口,3,1,evening_peak,0.0707,0.0086,0.0707,,,27.1,0.1562,,OTHER,False,False,False,False,True,True
011wwe29n3p00001,兴贤北街与奥体中路路口,南进口直行,4,5,2,0,011wwe29p1700001,奥体中路与康虹路路口,5,2,evening_peak,0.3518,0.06,0.3706,,,134.8,0.2775,,WEAK_TYPE1,False,False,False,False,True,True
011wwe29n3p00001,兴贤北街与奥体中路路口,西进口左转,6,7,1,0,011wwe29p1700001,奥体中路与康虹路路口,5,1,evening_peak,0.122,0.007,0.1617,,,26.4,0.0927,,OTHER,False,False,False,False,True,True
011wwe29nh000001,会展路与崇华路路口,东北进口左转,1,2,1,3,011wwe29jt700001,崇华路与工业南路路口,8,1,evening_peak,0.2187,0.0257,0.6076,,,47.8,0.0838,,OTHER,False,False,False,False,True,True
011wwe29njw00001,会展西路与会展路路口,东北进口左转,1,2,1,3,011wwe29jyc00001,工业南路与会展西路路口,8,1,evening_peak,0.0448,0.0041,0.0949,,,18.7,0.1082,,OTHER,False,False,False,False,True,True
011wwe29njw00001,会展西路与会展路路口,东北进口直行,1,2,2,5,011wwe29nh000001,会展路与崇华路路口,2,2,evening_peak,0.176,0.0145,0.279,,,73.4,0.6076,,OTHER,False,False,False,False,True,True
011wwe29njw00001,会展西路与会展路路口,东南进口左转,3,4,1,5,011wwe29nh000001,会展路与崇华路路口,2,1,evening_peak,0.4507,0.0444,1.2725,,,40.8,0.2187,,WEAK_TYPE1,False,False,False,False,True,True
011wwe29njw00001,会展西路与会展路路口,西南进口直行,5,6,2,1,011wwe29q8900001,会展东路与会展路路口,6,2,evening_peak,0.3479,0.0467,0.5575,,,76.0,0.0781,,WEAK_TYPE1,False,False,False,False,True,True
011wwe29p1700001,奥体中路与康虹路路口,北进口左转,0,1,1,2,011wwe29p5e00001,崇华路与康虹路路口,7,1,evening_peak,0.0708,0.0137,0.0788,,,38.6,0.0852,,OTHER,False,False,False,False,True,True
011wwe29p1700001,奥体中路与康虹路路口,北进口直行,0,1,2,4,011wwe29n3p00001,兴贤北街与奥体中路路口,1,2,evening_peak,0.0363,0.0101,0.1333,,,19.8,0.0772,,OTHER,False,False,False,False,True,True
011wwe29p1700001,奥体中路与康虹路路口,东进口左转,2,3,1,4,011wwe29n3p00001,兴贤北街与奥体中路路口,1,1,evening_peak,0.1781,0.0062,0.1781,,,44.0,0.0288,,OTHER,False,False,False,False,True,True
011wwe29p1700001,奥体中路与康虹路路口,东进口直行,2,3,2,6,011wwe28znc00001,康虹路与正奥路路口,3,2,evening_peak,0.2591,0.0734,0.7109,,,64.0,0.1746,,OTHER,False,False,False,False,True,True
011wwe29p1700001,奥体中路与康虹路路口,南进口左转,4,5,1,6,011wwe28znc00001,康虹路与正奥路路口,3,1,evening_peak,0.0927,0.0084,0.0927,,,36.2,0.0663,,OTHER,False,False,False,False,True,True
011wwe29p1700001,奥体中路与康虹路路口,南进口直行,4,5,2,0,011wwe2c01100001,花园东路与奥体中路路口,5,2,evening_peak,0.2775,0.0572,0.2775,,,108.4,0.1675,,OTHER,False,False,False,False,True,True
011wwe29p1700001,奥体中路与康虹路路口,西进口左转,6,7,1,0,011wwe2c01100001,花园东路与奥体中路路口,5,1,evening_peak,0.1037,0.0118,0.1158,,,29.2,0.0531,,OTHER,False,False,False,False,True,True
011wwe29p1700001,奥体中路与康虹路路口,西进口直行,6,7,2,2,011wwe29p5e00001,崇华路与康虹路路口,7,2,evening_peak,0.2188,0.0775,0.2501,,,61.6,0.0815,,OTHER,False,False,False,False,True,True
011wwe29p5e00001,崇华路与康虹路路口,北进口左转,0,1,1,2,011wwe29pnu00001,康虹路与舜华北路路口,7,1,evening_peak,0.0263,0.001,0.3091,,,11.8,,,OTHER,False,False,False,,,False
011wwe29p5e00001,崇华路与康虹路路口,北进口直行,0,1,2,4,011wwe29nh000001,会展路与崇华路路口,1,2,evening_peak,0.1723,0.01,0.4756,,,77.4,,,OTHER,False,False,False,,,False
011wwe29p5e00001,崇华路与康虹路路口,东进口左转,2,3,1,4,011wwe29nh000001,会展路与崇华路路口,1,1,evening_peak,0.0473,0.0036,0.1502,,,18.0,,,OTHER,False,False,False,,,False
011wwe29p5e00001,崇华路与康虹路路口,东进口直行,2,3,2,6,011wwe29p1700001,奥体中路与康虹路路口,3,2,evening_peak,0.0856,0.0371,0.3887,,,32.6,0.2591,,OTHER,False,False,False,False,True,True
011wwe29p5e00001,崇华路与康虹路路口,南进口左转,4,5,1,6,011wwe29p1700001,奥体中路与康虹路路口,3,1,evening_peak,0.1098,0.0248,0.1252,,,31.4,0.1781,,OTHER,False,False,False,False,True,True
011wwe29p5e00001,崇华路与康虹路路口,西进口直行,6,7,2,2,011wwe29pnu00001,康虹路与舜华北路路口,7,2,evening_peak,0.0815,0.0373,0.1387,,,20.1,,,OTHER,False,False,False,,,False
011wwe29pg700001,沁园路与崇华路路口,北进口左转,0,1,1,2,011wwe29pys00001,沁园路与舜华北路路口,7,1,evening_peak,0.171,0.0032,0.171,,,34.0,0.0161,,OTHER,False,False,False,False,True,True
011wwe29pg700001,沁园路与崇华路路口,北进口直行,0,1,2,4,011wwe29p5e00001,崇华路与康虹路路口,1,2,evening_peak,0.1589,0.0253,0.7162,,,31.6,0.1723,,OTHER,False,False,False,False,True,True
011wwe29pg700001,沁园路与崇华路路口,东进口左转,2,3,1,4,011wwe29p5e00001,崇华路与康虹路路口,1,1,evening_peak,0.0909,0.0048,0.1258,,,34.4,0.0263,,OTHER,False,False,False,False,True,True
011wwe29pg700001,沁园路与崇华路路口,南进口直行,4,5,2,0,011wwe2c05q00001,崇华路与花园东路路口,5,2,evening_peak,0.4835,0.0396,1.041,,,70.6,,,OTHER,False,False,False,,,False
011wwe29pys00001,沁园路与舜华北路路口,北进口左转,0,1,1,2,011wwe29rfs00001,沁园路与颖秀路路口,7,1,evening_peak,0.0599,0.0059,0.139,,,16.8,0.0689,,OTHER,False,False,False,False,True,True
011wwe29pys00001,沁园路与舜华北路路口,北进口直行,0,1,2,4,011wwe29pnu00001,康虹路与舜华北路路口,1,2,evening_peak,0.1646,0.0414,0.3185,,,46.2,,,OTHER,False,False,False,,,False
011wwe29pys00001,沁园路与舜华北路路口,东进口左转,2,3,1,4,011wwe29pnu00001,康虹路与舜华北路路口,1,1,evening_peak,0.0501,0.005,0.0728,,,23.0,,,OTHER,False,False,False,,,False
011wwe29pys00001,沁园路与舜华北路路口,东进口直行,2,3,2,6,011wwe29pg700001,沁园路与崇华路路口,3,2,evening_peak,0.0379,0.003,0.0811,,,17.4,0.0,,OTHER,False,False,False,False,True,True
011wwe29pys00001,沁园路与舜华北路路口,西进口左转,6,7,1,0,011wwe2c0qe00001,舜华北路与花园东路路口,5,1,evening_peak,0.0161,0.001,0.102,,,6.1,0.0984,,OTHER,False,False,False,False,True,True
011wwe29pys00001,沁园路与舜华北路路口,西进口直行,6,7,2,2,011wwe29rfs00001,沁园路与颖秀路路口,7,2,evening_peak,0.065,0.0057,0.0993,,,24.6,0.3558,,OTHER,False,False,False,False,True,True
011wwe29q7e00001,工业南路与颖秀路路口,东北进口左转,1,2,1,3,011wwe29mts00001,天辰路与颖秀路路口,8,1,evening_peak,0.267,0.0658,0.9362,,,32.0,0.0646,,OTHER,False,False,False,False,True,True
011wwe29q7e00001,工业南路与颖秀路路口,东北进口直行,1,2,2,5,011wwe29q1v00001,会展东路与工业南路路口,2,2,evening_peak,0.4756,0.1412,0.5098,,,57.0,,,OTHER,False,False,False,,,False
011wwe29q7e00001,工业南路与颖秀路路口,东南进口左转,3,4,1,5,011wwe29q1v00001,会展东路与工业南路路口,2,1,evening_peak,0.0647,0.0167,0.1363,,,27.5,,,OTHER,False,False,False,,,False
011wwe29q7e00001,工业南路与颖秀路路口,西南进口直行,5,6,2,1,011wwe29qte00001,工业南路与舜旺路路口,6,2,evening_peak,0.6977,0.284,0.9537,,,61.6,0.1982,,WEAK_TYPE1,False,False,False,False,True,True
011wwe29q8900001,会展东路与会展路路口,东北进口左转,1,2,1,3,011wwe29q1v00001,会展东路与工业南路路口,8,1,evening_peak,0.0184,0.001,0.0909,,,6.4,,,OTHER,False,False,False,,,False
011wwe29q8900001,会展东路与会展路路口,东北进口直行,1,2,2,5,011wwe29njw00001,会展西路与会展路路口,2,2,evening_peak,0.2002,0.0134,0.2013,,,69.6,0.176,,OTHER,False,False,False,False,True,True
011wwe29q8900001,会展东路与会展路路口,东南进口左转,3,4,1,5,011wwe29njw00001,会展西路与会展路路口,2,1,evening_peak,0.3437,0.0405,0.6447,,,30.6,0.0448,,WEAK_TYPE1,False,False,False,False,True,True
011wwe29q8900001,会展东路与会展路路口,西南进口直行,5,6,2,1,011wwe29qg500001,会展路与颖秀路路口,6,2,evening_peak,0.0781,0.0151,0.2794,,,32.8,,,OTHER,False,False,False,,,False
011wwe29q8900001,会展东路与会展路路口,西北进口左转,7,8,1,1,011wwe29qg500001,会展路与颖秀路路口,6,1,evening_peak,0.1601,0.011,0.2312,,,45.7,0.1436,,OTHER,False,False,False,False,True,True
011wwe29q8900001,会展东路与会展路路口,西北进口直行,7,8,2,3,011wwe29q1v00001,会展东路与工业南路路口,8,2,evening_peak,0.1443,0.0251,0.3944,,,41.2,,,OTHER,False,False,False,,,False
011wwe29qe500001,颖秀路与颖秀路路口,北进口直行,0,1,2,4,011wwe29q7e00001,工业南路与颖秀路路口,1,2,evening_peak,0.2343,0.062,1.0664,,,35.6,0.6046,0.0,OTHER,False,False,False,False,True,True
011wwe29qe600001,颖秀路与颖秀路路口,南进口直行,4,5,2,0,011wwe29qg500001,会展路与颖秀路路口,5,2,evening_peak,1.378,0.1515,1.378,,,173.0,0.5009,0.4932,TYPE1_POINT,True,False,False,False,True,True
011wwe29qg500001,会展路与颖秀路路口,北进口直行,0,1,2,4,011wwe29qe500001,颖秀路与颖秀路路口,1,2,evening_peak,0.2535,0.0324,0.6319,0.3336,0.3336,39.0,0.2343,,OTHER,False,False,False,False,True,True
011wwe29qg500001,会展路与颖秀路路口,东进口左转,2,3,1,4,011wwe29qe500001,颖秀路与颖秀路路口,1,1,evening_peak,0.0929,0.0033,0.7062,,0.3243,22.2,,,OTHER,False,False,False,,,False
011wwe29qg500001,会展路与颖秀路路口,南进口直行,4,5,2,0,011wwe29r5h00001,康虹路与颖秀路路口,5,2,evening_peak,0.5009,0.1034,0.8805,0.4932,0.4932,82.6,1.217,,WEAK_TYPE2,False,False,False,True,False,True
011wwe29qte00001,工业南路与舜旺路路口,西南进口直行,5,6,2,1,011wwe29wbh00001,工业南路与开拓路路口,6,2,evening_peak,0.1982,0.0233,0.2811,,,62.6,0.1677,,OTHER,False,False,False,False,True,True
011wwe29r5h00001,康虹路与颖秀路路口,北进口左转,0,1,1,2,011wwe29rhv00001,康虹路与舜旺路路口,7,1,evening_peak,0.0263,0.0019,0.1646,,,12.0,0.1019,,OTHER,False,False,False,False,True,True
011wwe29r5h00001,康虹路与颖秀路路口,北进口直行,0,1,2,4,011wwe29qg500001,会展路与颖秀路路口,1,2,evening_peak,0.1806,0.0169,0.2916,,,82.4,0.2535,0.3336,OTHER,False,False,False,False,True,True
011wwe29r5h00001,康虹路与颖秀路路口,东进口左转,2,3,1,4,011wwe29qg500001,会展路与颖秀路路口,1,1,evening_peak,0.0789,0.0107,0.1121,,,17.6,0.0559,0.3191,OTHER,False,False,False,False,True,True
011wwe29r5h00001,康虹路与颖秀路路口,西进口直行,6,7,2,2,011wwe29rhv00001,康虹路与舜旺路路口,7,2,evening_peak,0.0866,0.0309,0.1332,,,44.2,0.1716,,OTHER,False,False,False,False,True,True
011wwe29rfs00001,沁园路与颖秀路路口,北进口直行,0,1,2,4,011wwe29r5h00001,康虹路与颖秀路路口,1,2,evening_peak,0.145,0.0293,0.5281,,,38.0,0.1806,,OTHER,False,False,False,False,True,True
011wwe29rfs00001,沁园路与颖秀路路口,东进口左转,2,3,1,4,011wwe29r5h00001,康虹路与颖秀路路口,1,1,evening_peak,0.0703,0.0089,0.3039,,,17.4,0.0263,,OTHER,False,False,False,False,True,True
011wwe29rfs00001,沁园路与颖秀路路口,东进口直行,2,3,2,6,011wwe29pys00001,沁园路与舜华北路路口,3,2,evening_peak,0.1754,0.0154,0.502,,,43.4,0.0379,,OTHER,False,False,False,False,True,True
011wwe29rfs00001,沁园路与颖秀路路口,南进口左转,4,5,1,6,011wwe29pys00001,沁园路与舜华北路路口,3,1,evening_peak,0.0716,0.0045,0.1991,,,15.1,0.0501,,OTHER,False,False,False,False,True,True
011wwe29rfs00001,沁园路与颖秀路路口,南进口直行,4,5,2,0,011wwe2c26700001,花园东路与颖秀路路口,5,2,evening_peak,0.5782,0.0502,0.8133,,,122.0,0.2316,,WEAK_TYPE1,False,False,False,False,True,True
011wwe29rfs00001,沁园路与颖秀路路口,西进口左转,6,7,1,0,011wwe2c26700001,花园东路与颖秀路路口,5,1,evening_peak,0.0689,0.0025,0.1347,,,31.6,0.068,,OTHER,False,False,False,False,True,True
011wwe29rhv00001,康虹路与舜旺路路口,北进口左转,0,1,1,2,011wwe29rpq00001,康虹路与开拓路路口,7,1,evening_peak,0.1074,0.0018,0.1074,,,48.4,0.0437,,OTHER,False,False,False,False,True,True
011wwe29rhv00001,康虹路与舜旺路路口,北进口直行,0,1,2,4,011wwe29qte00001,工业南路与舜旺路路口,1,2,evening_peak,0.0613,0.0064,0.3462,,,27.6,,,OTHER,False,False,False,,,False
011wwe29rhv00001,康虹路与舜旺路路口,东进口左转,2,3,1,4,011wwe29qte00001,工业南路与舜旺路路口,1,1,evening_peak,0.1191,0.0035,0.3655,,,17.2,,,OTHER,False,False,False,,,False
011wwe29rhv00001,康虹路与舜旺路路口,东进口直行,2,3,2,6,011wwe29r5h00001,康虹路与颖秀路路口,3,2,evening_peak,0.3919,0.0715,0.3919,,,56.6,0.156,,WEAK_TYPE1,False,False,False,False,True,True
011wwe29rhv00001,康虹路与舜旺路路口,南进口左转,4,5,1,6,011wwe29r5h00001,康虹路与颖秀路路口,3,1,evening_peak,0.28,0.0449,0.6284,,,28.6,0.0789,,OTHER,False,False,False,False,True,True
011wwe29rhv00001,康虹路与舜旺路路口,西进口直行,6,7,2,2,011wwe29rpq00001,康虹路与开拓路路口,7,2,evening_peak,0.1716,0.0439,0.4112,,,38.4,,,OTHER,False,False,False,,,False
011wwe29rzm00001,开拓路与沁园路路口,北进口直行,0,1,2,4,011wwe29rpq00001,康虹路与开拓路路口,1,2,evening_peak,0.8768,0.0338,0.8768,,,241.6,0.1538,,TYPE1_POINT,True,False,False,False,True,True
011wwe29rzm00001,开拓路与沁园路路口,南进口直行,4,5,2,0,011wwe2c2rm00001,开拓路与花园东路路口,5,2,evening_peak,0.8652,0.3019,1.9414,,,48.4,0.1817,,TYPE1_POINT,True,False,False,False,True,True
011wwe29rzm00001,开拓路与沁园路路口,西进口左转,6,7,1,0,011wwe2c2rm00001,开拓路与花园东路路口,5,1,evening_peak,0.3773,0.0134,0.3773,,,120.0,0.2954,,WEAK_TYPE1,False,False,False,False,True,True
011wwe29s2p00001,舜风路与颖秀路路口,北进口左转,0,1,1,2,011wwe29sde00001,舜风路与舜旺路路口,7,1,evening_peak,0.12,0.0338,0.2972,,0.1402,33.0,0.0266,,OTHER,False,False,False,False,True,True
011wwe29s2p00001,舜风路与颖秀路路口,北进口直行,0,1,2,4,011wwe29krb00001,舜华东路与颖秀路路口,1,2,evening_peak,0.3353,0.092,0.9311,,0.1402,92.2,,,OTHER,False,False,False,,,False
011wwe29s2p00001,舜风路与颖秀路路口,东进口左转,2,3,1,4,011wwe29krb00001,舜华东路与颖秀路路口,1,1,evening_peak,0.1248,0.0361,0.2775,,0.2344,39.2,,,OTHER,False,False,False,,,False
011wwe29sde00001,舜风路与舜旺路路口,北进口左转,0,1,1,2,011wwe29stn00001,开拓路与舜风路路口,7,1,evening_peak,0.1853,0.0072,0.2597,,,67.2,0.0586,,OTHER,False,False,False,False,True,True
011wwe29sde00001,舜风路与舜旺路路口,东进口直行,2,3,2,6,011wwe29s2p00001,舜风路与颖秀路路口,3,2,evening_peak,0.2471,0.034,0.2471,,,70.0,,,OTHER,False,False,False,,,False
011wwe29sde00001,舜风路与舜旺路路口,南进口左转,4,5,1,6,011wwe29s2p00001,舜风路与颖秀路路口,3,1,evening_peak,0.0828,0.0028,0.2196,,,9.2,0.1248,0.0,OTHER,False,False,False,False,True,True
011wwe29sde00001,舜风路与舜旺路路口,南进口直行,4,5,2,0,011wwe29t1y00001,新泺大街与舜旺路路口,5,2,evening_peak,0.1584,0.0077,0.2214,,,17.6,,,OTHER,False,False,False,,,False
011wwe29sde00001,舜风路与舜旺路路口,西进口左转,6,7,1,0,011wwe29t1y00001,新泺大街与舜旺路路口,5,1,evening_peak,0.0266,0.001,0.0848,,,8.4,0.0482,,OTHER,False,False,False,False,True,True
011wwe29sde00001,舜风路与舜旺路路口,西进口直行,6,7,2,2,011wwe29stn00001,开拓路与舜风路路口,7,2,evening_peak,0.6546,0.0328,0.6546,,,206.8,0.1045,,WEAK_TYPE1,False,False,False,False,True,True
011wwe29stn00001,开拓路与舜风路路口,北进口左转,0,1,1,2,011wwe29u9v00001,凤凰路与舜风路路口,7,1,evening_peak,0.0837,0.0238,0.0837,,,40.0,0.032,,OTHER,False,False,False,False,True,True
011wwe29stn00001,开拓路与舜风路路口,北进口直行,0,1,2,4,011wwe29sms00001,舜颂路与开拓路路口,1,2,evening_peak,0.0414,0.0039,0.0787,,,19.8,,,OTHER,False,False,False,,,False
011wwe29stn00001,开拓路与舜风路路口,东进口左转,2,3,1,4,011wwe29sms00001,舜颂路与开拓路路口,1,1,evening_peak,0.1671,0.0129,0.2223,,,26.6,,,OTHER,False,False,False,,,False
011wwe29stn00001,开拓路与舜风路路口,东进口直行,2,3,2,6,011wwe29sde00001,舜风路与舜旺路路口,3,2,evening_peak,0.2123,0.0654,0.6771,,,33.8,0.2471,,OTHER,False,False,False,False,True,True
011wwe29stn00001,开拓路与舜风路路口,西进口直行,6,7,2,2,011wwe29u9v00001,凤凰路与舜风路路口,7,2,evening_peak,0.1045,0.0379,0.31,,,29.6,0.1307,,OTHER,False,False,False,False,True,True
011wwe29t1y00001,新泺大街与舜旺路路口,西南进口直行,5,6,2,1,011wwe29tkp00001,开拓路与新泺大街路口,6,2,evening_peak,0.5952,0.0529,0.7567,,,188.8,0.2209,,WEAK_TYPE1,False,False,False,False,True,True
011wwe29tkp00001,开拓路与新泺大街路口,西南进口直行,5,6,2,1,011wwe29y0c00001,凤凰路与新泺大街路口,6,2,evening_peak,0.2209,0.0518,0.3997,,,70.4,0.0999,,OTHER,False,False,False,False,True,True
011wwe29tkp00001,开拓路与新泺大街路口,西北进口左转,7,8,1,1,011wwe29y0c00001,凤凰路与新泺大街路口,6,1,evening_peak,0.0561,0.0072,0.0695,,,27.6,0.0771,,OTHER,False,False,False,False,True,True
011wwe29u9v00001,凤凰路与舜风路路口,北进口左转,0,1,1,2,011wwe29uss00001,长岭山南路与刘智远路路口,7,1,evening_peak,0.0295,0.0034,0.0778,,,24.6,0.0541,,OTHER,False,False,False,False,True,True
011wwe29u9v00001,凤凰路与舜风路路口,南进口直行,4,5,2,0,011wwe29y0c00001,凤凰路与新泺大街路口,5,2,evening_peak,0.1022,0.0423,0.1227,,,62.0,0.2255,,OTHER,False,False,False,False,True,True
011wwe29u9v00001,凤凰路与舜风路路口,西进口左转,6,7,1,0,011wwe29y0c00001,凤凰路与新泺大街路口,5,1,evening_peak,0.032,0.0077,0.0325,,,18.5,0.0204,,OTHER,False,False,False,False,True,True
011wwe29u9v00001,凤凰路与舜风路路口,西进口直行,6,7,2,2,011wwe29uss00001,长岭山南路与刘智远路路口,7,2,evening_peak,0.1307,0.0484,0.1746,,,75.6,0.2456,,OTHER,False,False,False,False,True,True
011wwe29uss00001,长岭山南路与刘智远路路口,北进口左转,0,1,1,2,011wwe29ux000001,长岭山南路与凤山西路路口,7,1,evening_peak,0.0638,0.0059,0.2103,,,21.4,,,OTHER,False,False,False,,,False
011wwe29uss00001,长岭山南路与刘智远路路口,北进口直行,0,1,2,4,011wwe29gtp00001,凤山南路与刘智远路路口,1,2,evening_peak,0.0947,0.0174,0.1484,,,31.8,0.0164,,OTHER,False,False,False,False,True,True
011wwe29uss00001,长岭山南路与刘智远路路口,东进口左转,2,3,1,4,011wwe29gtp00001,凤山南路与刘智远路路口,1,1,evening_peak,0.0557,0.0049,0.1721,,,17.2,0.0309,,OTHER,False,False,False,False,True,True
011wwe29uss00001,长岭山南路与刘智远路路口,东进口直行,2,3,2,6,011wwe29u9v00001,凤凰路与舜风路路口,3,2,evening_peak,0.2174,0.0713,0.2582,,,67.2,0.3069,,OTHER,False,False,False,False,True,True
011wwe29uss00001,长岭山南路与刘智远路路口,南进口左转,4,5,1,6,011wwe29u9v00001,凤凰路与舜风路路口,3,1,evening_peak,0.3007,0.0243,0.3007,,,75.0,0.0682,,WEAK_TYPE1,False,False,False,False,True,True
011wwe29uss00001,长岭山南路与刘智远路路口,南进口直行,4,5,2,0,011wwe29vhn00001,长岭山路与刘智远路路口,5,2,evening_peak,0.0922,0.0175,0.1596,,,23.0,0.0641,,OTHER,False,False,False,False,True,True
011wwe29uss00001,长岭山南路与刘智远路路口,西进口左转,6,7,1,0,011wwe29vhn00001,长岭山路与刘智远路路口,5,1,evening_peak,0.0541,0.0104,0.0723,,,16.4,0.0189,,OTHER,False,False,False,False,True,True
011wwe29uss00001,长岭山南路与刘智远路路口,西进口直行,6,7,2,2,011wwe29ux000001,长岭山南路与凤山西路路口,7,2,evening_peak,0.2456,0.0933,0.4325,,,74.4,,,OTHER,False,False,False,,,False
011wwe29ux000001,长岭山南路与凤山西路路口,北进口左转,0,1,1,2,011wwe2dh3m00001,兴港路与凤山路路口,7,1,evening_peak,0.0807,0.0044,0.1416,,,31.8,0.1125,,OTHER,False,False,False,False,True,True
011wwe29ux000001,长岭山南路与凤山西路路口,东进口直行,2,3,2,6,011wwe29uss00001,长岭山南路与刘智远路路口,3,2,evening_peak,0.1801,0.055,0.2187,,,54.2,0.2174,,OTHER,False,False,False,False,True,True
011wwe29ux000001,长岭山南路与凤山西路路口,南进口左转,4,5,1,6,011wwe29uss00001,长岭山南路与刘智远路路口,3,1,evening_peak,0.1653,0.0285,0.9485,,,22.2,0.0557,,OTHER,False,False,False,False,True,True
011wwe29ux000001,长岭山南路与凤山西路路口,南进口直行,4,5,2,0,011wwe29vnt00001,长岭山路与凤山西路路口,5,2,evening_peak,0.1817,0.0251,0.1995,,,24.4,0.0355,,OTHER,False,False,False,False,True,True
011wwe29vhn00001,长岭山路与刘智远路路口,北进口直行,0,1,2,4,011wwe29uss00001,长岭山南路与刘智远路路口,1,2,evening_peak,0.0813,0.0124,0.3182,,,37.8,0.0947,,OTHER,False,False,False,False,True,True
011wwe29vhn00001,长岭山路与刘智远路路口,东进口左转,2,3,1,4,011wwe29uss00001,长岭山南路与刘智远路路口,1,1,evening_peak,0.0232,0.0013,0.2248,,,7.0,0.0638,,OTHER,False,False,False,False,True,True
011wwe29vhn00001,长岭山路与刘智远路路口,南进口直行,4,5,2,0,011wwe29vup00001,凤山北路与刘智远路路口,5,2,evening_peak,0.0641,0.0066,0.3439,,,21.4,0.0009,,OTHER,False,False,False,False,True,True
011wwe29vhn00001,长岭山路与刘智远路路口,西进口左转,6,7,1,0,011wwe29vup00001,凤山北路与刘智远路路口,5,1,evening_peak,0.1659,0.008,0.1659,,,48.2,0.1593,,OTHER,False,False,False,False,True,True
011wwe29vhn00001,长岭山路与刘智远路路口,西进口直行,6,7,2,2,011wwe29vnt00001,长岭山路与凤山西路路口,7,2,evening_peak,0.0957,0.0032,0.2671,,,27.8,0.0787,,OTHER,False,False,False,False,True,True
011wwe29vnt00001,长岭山路与凤山西路路口,北进口左转,0,1,1,2,011wwe2dj1k00001,长岭山路与凤山路路口,7,1,evening_peak,0.0434,0.0014,0.083,,,20.6,0.0558,,OTHER,False,False,False,False,True,True
011wwe29vnt00001,长岭山路与凤山西路路口,北进口直行,0,1,2,4,011wwe29ux000001,长岭山南路与凤山西路路口,1,2,evening_peak,0.0569,0.0026,0.07,,,27.0,0.0665,,OTHER,False,False,False,False,True,True
011wwe29vnt00001,长岭山路与凤山西路路口,东进口左转,2,3,1,4,011wwe29ux000001,长岭山南路与凤山西路路口,1,1,evening_peak,0.0202,0.0007,0.1917,,,6.2,0.0807,,OTHER,False,False,False,False,True,True
011wwe29vnt00001,长岭山路与凤山西路路口,东进口直行,2,3,2,6,011wwe29vhn00001,长岭山路与刘智远路路口,3,2,evening_peak,0.0626,0.0044,0.1193,,,19.2,0.0464,,OTHER,False,False,False,False,True,True
011wwe29vnt00001,长岭山路与凤山西路路口,南进口左转,4,5,1,6,011wwe29vhn00001,长岭山路与刘智远路路口,3,1,evening_peak,0.0827,0.0019,0.0827,,,32.6,0.0232,,OTHER,False,False,False,False,True,True
011wwe29vnt00001,长岭山路与凤山西路路口,西进口直行,6,7,2,2,011wwe2dj1k00001,长岭山路与凤山路路口,7,2,evening_peak,0.0787,0.0039,0.0926,,,23.8,0.0,,OTHER,False,False,False,False,True,True
011wwe29vup00001,凤山北路与刘智远路路口,东进口左转,2,3,1,4,011wwe29vhn00001,长岭山路与刘智远路路口,1,1,evening_peak,0.0139,0.0008,0.2234,,,4.2,,,OTHER,False,False,False,,,False
011wwe29vup00001,凤山北路与刘智远路路口,东进口直行,2,3,2,6,011wwe29y0c00001,凤凰路与新泺大街路口,3,2,evening_peak,0.0106,0.0003,0.2194,,,3.2,0.1172,,OTHER,False,False,False,False,True,True
011wwe29vup00001,凤山北路与刘智远路路口,南进口左转,4,5,1,6,011wwe29y0c00001,凤凰路与新泺大街路口,3,1,evening_peak,0.1593,0.0024,0.1593,,,73.8,0.0428,,OTHER,False,False,False,False,True,True
011wwe29vup00001,凤山北路与刘智远路路口,西进口直行,6,7,2,2,011wwe29vyw00001,凤山北路与凤山西路路口,7,2,evening_peak,0.0472,0.0016,0.0778,,,17.6,0.0897,,OTHER,False,False,False,False,True,True
011wwe29vyw00001,凤山北路与凤山西路路口,东进口左转,2,3,1,4,011wwe29vnt00001,长岭山路与凤山西路路口,1,1,evening_peak,0.0273,0.0004,0.0406,,,7.4,0.0434,,OTHER,False,False,False,False,True,True
011wwe29vyw00001,凤山北路与凤山西路路口,东进口直行,2,3,2,6,011wwe29vup00001,凤山北路与刘智远路路口,3,2,evening_peak,0.0709,0.0175,0.6791,,,19.2,0.0106,,OTHER,False,False,False,False,True,True
011wwe29vyw00001,凤山北路与凤山西路路口,南进口左转,4,5,1,6,011wwe29vup00001,凤山北路与刘智远路路口,3,1,evening_peak,0.2178,0.0168,1.3919,,,46.2,0.0139,,OTHER,False,False,False,False,True,True
011wwe29vyw00001,凤山北路与凤山西路路口,西进口直行,6,7,2,2,011wwe2djbz00001,凤山北路与凤山路路口,7,2,evening_peak,0.0897,0.0195,0.0897,,,26.4,,,OTHER,False,False,False,,,False
011wwe29w4n00001,天辰路与开拓路路口,东北进口左转,1,2,1,3,011wwe29tkp00001,开拓路与新泺大街路口,8,1,evening_peak,0.0973,0.013,0.4006,,,23.8,0.0561,,OTHER,False,False,False,False,True,True
011wwe29w4n00001,天辰路与开拓路路口,西北进口直行,7,8,2,3,011wwe29tkp00001,开拓路与新泺大街路口,8,2,evening_peak,0.0878,0.0322,0.2203,,,41.6,0.1106,,OTHER,False,False,False,False,True,True
011wwe29wbh00001,工业南路与开拓路路口,东北进口左转,1,2,1,3,011wwe29w4n00001,天辰路与开拓路路口,8,1,evening_peak,0.4243,0.0624,0.4293,,,51.6,0.0255,,WEAK_TYPE1,False,False,False,False,True,True
011wwe29wbh00001,工业南路与开拓路路口,东南进口直行,3,4,2,7,011wwe29rpq00001,康虹路与开拓路路口,4,2,evening_peak,1.5554,0.4617,1.5554,,,93.2,,,UNKNOWN_DOWNSTREAM,True,False,False,,,False
011wwe29wbh00001,工业南路与开拓路路口,西南进口左转,5,6,1,7,011wwe29rpq00001,康虹路与开拓路路口,4,1,evening_peak,0.2513,0.0249,0.2513,,,81.4,,,OTHER,False,False,False,,,False
011wwe29wbh00001,工业南路与开拓路路口,西南进口直行,5,6,2,1,011wwe29x4z00001,工业南路与工业南路路口,6,2,evening_peak,0.1677,0.0519,0.2733,,,54.3,0.3072,,OTHER,False,False,False,False,True,True
011wwe29wbh00001,工业南路与开拓路路口,西北进口左转,7,8,1,1,011wwe29x4z00001,工业南路与工业南路路口,6,1,evening_peak,0.1527,0.0644,0.2227,,,27.7,0.0467,,OTHER,False,False,False,False,True,True
011wwe29wbh00001,工业南路与开拓路路口,西北进口直行,7,8,2,3,011wwe29w4n00001,天辰路与开拓路路口,8,2,evening_peak,0.3528,0.1306,0.4807,,,64.0,0.0878,,WEAK_TYPE1,False,False,False,False,True,True
011wwe29x4z00001,工业南路与工业南路路口,西南进口直行,5,6,2,1,011wwe29zbh00001,凤凰路与工业南路路口,6,2,evening_peak,0.3072,0.0646,0.3191,,,118.4,,,OTHER,False,False,False,,,False
011wwe29y0c00001,凤凰路与新泺大街路口,北进口左转,0,1,1,2,011wwe29vup00001,凤山北路与刘智远路路口,7,1,evening_peak,0.0802,0.0138,0.0802,,,33.9,0.0011,,OTHER,False,False,False,False,True,True
011wwe29y0c00001,凤凰路与新泺大街路口,北进口直行,0,1,2,4,011wwe29u9v00001,凤凰路与舜风路路口,1,2,evening_peak,0.1207,0.0403,0.1742,,,51.0,0.0757,,OTHER,False,False,False,False,True,True
011wwe29y0c00001,凤凰路与新泺大街路口,东进口左转,2,3,1,4,011wwe29u9v00001,凤凰路与舜风路路口,1,1,evening_peak,0.0428,0.0009,0.1049,,,16.0,0.0295,,OTHER,False,False,False,False,True,True
011wwe29y0c00001,凤凰路与新泺大街路口,南进口直行,4,5,2,0,011wwe29y8r00001,凤凰路与天辰路路口,5,2,evening_peak,0.2255,0.0348,0.2255,,,190.2,0.163,,OTHER,False,False,False,False,True,True
011wwe29y8r00001,凤凰路与天辰路路口,北进口直行,0,1,2,4,011wwe29y0c00001,凤凰路与新泺大街路口,1,2,evening_peak,1.0361,0.0642,1.0361,,,191.8,0.1207,,TYPE1_POINT,True,False,False,False,True,True
011wwe29y8r00001,凤凰路与天辰路路口,南进口直行,4,5,2,0,011wwe29z0600001,世纪大道与凤凰路路口,5,2,evening_peak,0.163,0.0595,0.5448,,,68.2,0.2625,,OTHER,False,False,False,False,True,True
011wwe29y8r00001,凤凰路与天辰路路口,西进口左转,6,7,1,0,011wwe29z0600001,世纪大道与凤凰路路口,5,1,evening_peak,0.072,0.0245,0.1116,,,59.6,0.1501,,OTHER,False,False,False,False,True,True
011wwe29z0600001,世纪大道与凤凰路路口,东进口左转,2,3,1,4,011wwe29y8r00001,凤凰路与天辰路路口,1,1,evening_peak,0.4508,0.1212,0.546,,,46.9,0.0594,,WEAK_TYPE1,False,False,False,False,True,True
011wwe29z0600001,世纪大道与凤凰路路口,东进口直行,2,3,2,6,011wwe29x4z00001,工业南路与工业南路路口,3,2,evening_peak,0.6056,0.2037,1.3054,,,63.0,,,OTHER,False,False,False,,,False
011wwe29z0600001,世纪大道与凤凰路路口,南进口左转,4,5,1,6,011wwe29x4z00001,工业南路与工业南路路口,3,1,evening_peak,0.1501,0.011,0.1501,,,28.6,,,OTHER,False,False,False,,,False
011wwe29z0600001,世纪大道与凤凰路路口,南进口直行,4,5,2,0,011wwe29zbh00001,凤凰路与工业南路路口,5,2,evening_peak,0.2625,0.0889,1.1806,,,50.0,,,OTHER,False,False,False,,,False
011wwe29z0600001,世纪大道与凤凰路路口,西进口左转,6,7,1,0,011wwe29zbh00001,凤凰路与工业南路路口,5,1,evening_peak,0.0479,0.0023,0.0479,,,32.4,,,OTHER,False,False,False,,,False
011wwe29z0600001,世纪大道与凤凰路路口,西进口直行,6,7,2,2,011wwe29zh400001,世纪大道与刘智远路路口,7,2,evening_peak,0.0781,0.0294,0.1026,,,52.8,0.2198,,OTHER,False,False,False,False,True,True
011wwe29zh400001,世纪大道与刘智远路路口,北进口左转,0,1,1,2,011wwe2dnbv00001,世纪大道与炼化路路口,7,1,evening_peak,0.0263,0.002,0.0735,,,19.6,0.0326,,OTHER,False,False,False,False,True,True
011wwe29zh400001,世纪大道与刘智远路路口,西进口直行,6,7,2,2,011wwe2dnbv00001,世纪大道与炼化路路口,7,2,evening_peak,0.2198,0.0712,0.2708,,,97.4,0.0729,,OTHER,False,False,False,False,True,True
011wwe2bb3x00001,奥体西路与轻风路路口,北进口左转,0,1,1,2,011wwe2bbs100001,八涧堡路与轻风路路口,7,1,evening_peak,0.0458,0.0123,0.1065,,,20.8,0.1,,OTHER,False,False,False,False,True,True
011wwe2bb3x00001,奥体西路与轻风路路口,北进口直行,0,1,2,4,011wwe28zdk00001,奥体西路与花园东路路口,1,2,evening_peak,0.1844,0.0626,0.1844,,,83.8,,,OTHER,False,False,False,,,False
011wwe2bb3x00001,奥体西路与轻风路路口,东进口左转,2,3,1,4,011wwe28zdk00001,奥体西路与花园东路路口,1,1,evening_peak,0.1758,0.0321,0.8327,,,22.0,,,OTHER,False,False,False,,,False
011wwe2bb3x00001,奥体西路与轻风路路口,南进口直行,4,5,2,0,011wwe2bc0z00001,中林路与奥体西路路口,5,2,evening_peak,0.0924,0.0271,0.1171,,,42.6,0.0774,,OTHER,False,False,False,False,True,True
011wwe2bbs100001,八涧堡路与轻风路路口,北进口左转,0,1,1,2,011wwe2bbw500001,轻风路与八涧堡东路路口,7,1,evening_peak,0.0407,0.0012,0.0519,,,16.0,0.0181,,OTHER,False,False,False,False,True,True
011wwe2bbs100001,八涧堡路与轻风路路口,北进口直行,0,1,2,4,011wwe28zsx00001,正丰路与花园东路路口,1,2,evening_peak,0.091,0.0052,0.091,,,35.8,0.0727,,OTHER,False,False,False,False,True,True
011wwe2bbs100001,八涧堡路与轻风路路口,东进口左转,2,3,1,4,011wwe28zsx00001,正丰路与花园东路路口,1,1,evening_peak,0.0956,0.0039,0.2892,,,24.4,0.0515,,OTHER,False,False,False,False,True,True
011wwe2bbs100001,八涧堡路与轻风路路口,西进口直行,6,7,2,2,011wwe2bbw500001,轻风路与八涧堡东路路口,7,2,evening_peak,0.098,0.0123,0.098,,,28.8,0.1118,,OTHER,False,False,False,False,True,True
011wwe2bbw500001,轻风路与八涧堡东路路口,北进口左转,0,1,1,2,011wwe2c08w00001,奥体中路与轻风路路口,7,1,evening_peak,0.0176,0.0008,0.0741,,,6.4,0.074,,OTHER,False,False,False,False,True,True
011wwe2bbw500001,轻风路与八涧堡东路路口,北进口直行,0,1,2,4,011wwe28zyk00001,花园东路与无名道路路口,1,2,evening_peak,0.0181,0.001,0.4076,,,6.6,,,OTHER,False,False,False,,,False
011wwe2bbw500001,轻风路与八涧堡东路路口,东进口左转,2,3,1,4,011wwe28zyk00001,花园东路与无名道路路口,1,1,evening_peak,0.0255,0.0015,0.0274,,,8.0,,,OTHER,False,False,False,,,False
011wwe2bbw500001,轻风路与八涧堡东路路口,东进口直行,2,3,2,6,011wwe2bbs100001,八涧堡路与轻风路路口,3,2,evening_peak,0.1243,0.0089,0.2837,,,39.0,0.1317,,OTHER,False,False,False,False,True,True
011wwe2bbw500001,轻风路与八涧堡东路路口,南进口左转,4,5,1,6,011wwe2bbs100001,八涧堡路与轻风路路口,3,1,evening_peak,0.2305,0.0087,0.2305,,,62.2,0.0956,,OTHER,False,False,False,False,True,True
011wwe2bbw500001,轻风路与八涧堡东路路口,南进口直行,4,5,2,0,011wwe2bcq000001,中林路与八涧堡东路路口,5,2,evening_peak,0.063,0.0016,0.3002,,,17.0,0.0554,,OTHER,False,False,False,False,True,True
011wwe2bbw500001,轻风路与八涧堡东路路口,西进口左转,6,7,1,0,011wwe2bcq000001,中林路与八涧堡东路路口,5,1,evening_peak,0.0181,0.0005,0.0197,,,4.6,0.0159,,OTHER,False,False,False,False,True,True
011wwe2bbw500001,轻风路与八涧堡东路路口,西进口直行,6,7,2,2,011wwe2c08w00001,奥体中路与轻风路路口,7,2,evening_peak,0.1118,0.0117,0.2346,,,28.4,0.1161,,OTHER,False,False,False,False,True,True
011wwe2bc0z00001,中林路与奥体西路路口,北进口左转,0,1,1,2,011wwe2bc5x00001,中林路与八涧堡路路口,7,1,evening_peak,0.102,0.0246,0.11,,,30.4,0.0238,,OTHER,False,False,False,False,True,True
011wwe2bc0z00001,中林路与奥体西路路口,北进口直行,0,1,2,4,011wwe2bb3x00001,奥体西路与轻风路路口,1,2,evening_peak,0.0624,0.0093,0.2476,,,18.6,0.1844,,OTHER,False,False,False,False,True,True
011wwe2bc0z00001,中林路与奥体西路路口,东进口左转,2,3,1,4,011wwe2bb3x00001,奥体西路与轻风路路口,1,1,evening_peak,0.0425,0.0099,0.1188,,,14.3,0.0458,,OTHER,False,False,False,False,True,True
011wwe2bc5x00001,中林路与八涧堡路路口,北进口左转,0,1,1,2,011wwe2bcq000001,中林路与八涧堡东路路口,7,1,evening_peak,0.1204,0.0058,0.3132,,,35.2,0.064,,OTHER,False,False,False,False,True,True
011wwe2bc5x00001,中林路与八涧堡路路口,北进口直行,0,1,2,4,011wwe2bbs100001,八涧堡路与轻风路路口,1,2,evening_peak,0.0691,0.0113,0.4473,,,20.2,0.091,,OTHER,False,False,False,False,True,True
011wwe2bc5x00001,中林路与八涧堡路路口,东进口左转,2,3,1,4,011wwe2bbs100001,八涧堡路与轻风路路口,1,1,evening_peak,0.1946,0.0221,0.429,,,15.6,0.0407,,OTHER,False,False,False,False,True,True
011wwe2bc5x00001,中林路与八涧堡路路口,东进口直行,2,3,2,6,011wwe2bc0z00001,中林路与奥体西路路口,3,2,evening_peak,0.3492,0.0422,0.464,,,28.0,,,OTHER,False,False,False,,,False
011wwe2bc5x00001,中林路与八涧堡路路口,南进口左转,4,5,1,6,011wwe2bc0z00001,中林路与奥体西路路口,3,1,evening_peak,0.097,0.0074,0.5129,,,6.2,0.0425,,OTHER,False,False,False,False,True,True
011wwe2bc5x00001,中林路与八涧堡路路口,西进口直行,6,7,2,2,011wwe2bcq000001,中林路与八涧堡东路路口,7,2,evening_peak,0.082,0.0118,0.2617,,,27.6,0.1601,,OTHER,False,False,False,False,True,True
011wwe2bc8q00001,奥体西路与杨柳路路口,东进口左转,2,3,1,4,011wwe2bc0z00001,中林路与奥体西路路口,1,1,evening_peak,0.2059,0.0168,0.7279,,,16.8,0.102,,OTHER,False,False,False,False,True,True
011wwe2bcer00001,杨柳路与八涧堡路路口,北进口左转,0,1,1,2,011wwe2bctz00001,杨柳路与八涧堡东路路口,7,1,evening_peak,0.0414,0.0013,0.1276,,,9.6,0.0364,,OTHER,False,False,False,False,True,True
011wwe2bcer00001,杨柳路与八涧堡路路口,北进口直行,0,1,2,4,011wwe2bc5x00001,中林路与八涧堡路路口,1,2,evening_peak,0.0569,0.0072,0.2656,,,13.2,0.0691,,OTHER,False,False,False,False,True,True
011wwe2bcer00001,杨柳路与八涧堡路路口,东进口左转,2,3,1,4,011wwe2bc5x00001,中林路与八涧堡路路口,1,1,evening_peak,0.1132,0.0071,0.3458,,,33.0,0.1204,,OTHER,False,False,False,False,True,True
011wwe2bcer00001,杨柳路与八涧堡路路口,西进口直行,6,7,2,2,011wwe2bctz00001,杨柳路与八涧堡东路路口,7,2,evening_peak,0.2522,0.0085,0.2522,,,90.6,0.0858,,OTHER,False,False,False,False,True,True
011wwe2bcq000001,中林路与八涧堡东路路口,北进口左转,0,1,1,2,011wwe2c12800001,中林路与奥体中路路口,7,1,evening_peak,0.1041,0.0033,0.2741,,,30.4,,,OTHER,False,False,False,,,False
011wwe2bcq000001,中林路与八涧堡东路路口,北进口直行,0,1,2,4,011wwe2bbw500001,轻风路与八涧堡东路路口,1,2,evening_peak,0.0713,0.0017,0.222,,,20.8,0.0181,,OTHER,False,False,False,False,True,True
011wwe2bcq000001,中林路与八涧堡东路路口,南进口直行,4,5,2,0,011wwe2bctz00001,杨柳路与八涧堡东路路口,5,2,evening_peak,0.0554,0.0016,0.0554,,,20.2,0.2624,,OTHER,False,False,False,False,True,True
011wwe2bcq000001,中林路与八涧堡东路路口,西进口左转,6,7,1,0,011wwe2bctz00001,杨柳路与八涧堡东路路口,5,1,evening_peak,0.064,0.0035,0.1564,,,17.6,0.0404,,OTHER,False,False,False,False,True,True
011wwe2bcq000001,中林路与八涧堡东路路口,西进口直行,6,7,2,2,011wwe2c12800001,中林路与奥体中路路口,7,2,evening_peak,0.1601,0.032,0.4504,,,44.0,,,OTHER,False,False,False,,,False
011wwe2bctz00001,杨柳路与八涧堡东路路口,北进口左转,0,1,1,2,011wwe2c1b800001,奥体中路与杨柳路路口,7,1,evening_peak,0.0747,0.0013,0.1566,,,18.6,0.0699,,OTHER,False,False,False,False,True,True
011wwe2bctz00001,杨柳路与八涧堡东路路口,北进口直行,0,1,2,4,011wwe2bcq000001,中林路与八涧堡东路路口,1,2,evening_peak,0.0931,0.004,0.1943,,,23.2,0.0713,,OTHER,False,False,False,False,True,True
011wwe2bctz00001,杨柳路与八涧堡东路路口,东进口左转,2,3,1,4,011wwe2bcq000001,中林路与八涧堡东路路口,1,1,evening_peak,0.0661,0.0045,0.1957,,,20.6,0.1041,,OTHER,False,False,False,False,True,True
011wwe2bctz00001,杨柳路与八涧堡东路路口,东进口直行,2,3,2,6,011wwe2bcer00001,杨柳路与八涧堡路路口,3,2,evening_peak,0.1039,0.0102,0.129,,,32.4,0.0803,,OTHER,False,False,False,False,True,True
011wwe2bctz00001,杨柳路与八涧堡东路路口,南进口左转,4,5,1,6,011wwe2bcer00001,杨柳路与八涧堡路路口,3,1,evening_peak,0.0404,0.0017,0.3077,,,11.8,0.1132,,OTHER,False,False,False,False,True,True
011wwe2bctz00001,杨柳路与八涧堡东路路口,西进口直行,6,7,2,2,011wwe2c1b800001,奥体中路与杨柳路路口,7,2,evening_peak,0.0858,0.0065,0.1893,,,25.0,0.0,,OTHER,False,False,False,False,True,True
011wwe2bf5k00001,八涧堡路与祝舜路路口,北进口左转,0,1,1,2,011wwe2bfjv00001,八涧堡北路与黄台南路路口,7,1,evening_peak,0.1937,0.0016,0.3198,,,16.6,,,OTHER,False,False,False,,,False
011wwe2bf5k00001,八涧堡路与祝舜路路口,北进口直行,0,1,2,4,011wwe2bcer00001,杨柳路与八涧堡路路口,1,2,evening_peak,0.1214,0.0011,0.5952,,,10.4,0.0569,,OTHER,False,False,False,False,True,True
011wwe2bf5k00001,八涧堡路与祝舜路路口,东进口左转,2,3,1,4,011wwe2bcer00001,杨柳路与八涧堡路路口,1,1,evening_peak,0.046,0.0062,0.0954,,,13.8,0.0414,,OTHER,False,False,False,False,True,True
011wwe2bf5k00001,八涧堡路与祝舜路路口,东进口直行,2,3,2,6,011wwe2bf0e00001,八涧堡北路与奥体西路路口,3,2,evening_peak,0.1234,0.0615,0.1455,,,37.0,,,OTHER,False,False,False,,,False
011wwe2bf5k00001,八涧堡路与祝舜路路口,南进口左转,4,5,1,6,011wwe2bf0e00001,八涧堡北路与奥体西路路口,3,1,evening_peak,0.0639,0.0069,0.733,,,6.5,,,OTHER,False,False,False,,,False
011wwe2bfjv00001,八涧堡北路与黄台南路路口,西进口直行,6,7,2,2,011wwe2c40v00001,八涧堡北路与黄台南路路口,7,2,evening_peak,0.0835,0.0246,0.112,,,24.6,,,OTHER,False,False,False,,,False
011wwe2bfjy00001,八涧堡北路与黄台南路路口,东进口直行,2,3,2,6,011wwe2bf5k00001,八涧堡路与祝舜路路口,3,2,evening_peak,0.2656,0.0386,0.3934,,,89.1,0.1234,,OTHER,False,False,False,False,True,True
011wwe2c01100001,花园东路与奥体中路路口,北进口左转,0,1,1,2,011wwe2c05q00001,崇华路与花园东路路口,7,1,evening_peak,0.0648,0.0114,0.4734,,,25.2,,,OTHER,False,False,False,,,False
011wwe2c01100001,花园东路与奥体中路路口,北进口直行,0,1,2,4,011wwe29p1700001,奥体中路与康虹路路口,1,2,evening_peak,0.1924,0.0984,0.2141,,,74.8,0.0363,,OTHER,False,False,False,False,True,True
011wwe2c01100001,花园东路与奥体中路路口,东进口左转,2,3,1,4,011wwe29p1700001,奥体中路与康虹路路口,1,1,evening_peak,0.0706,0.0151,0.4193,,,20.4,0.0708,,OTHER,False,False,False,False,True,True
011wwe2c01100001,花园东路与奥体中路路口,东进口直行,2,3,2,6,011wwe28zyk00001,花园东路与无名道路路口,3,2,evening_peak,0.2477,0.1264,0.4352,,,71.6,,,OTHER,False,False,False,,,False
011wwe2c01100001,花园东路与奥体中路路口,南进口左转,4,5,1,6,011wwe28zyk00001,花园东路与无名道路路口,3,1,evening_peak,0.0531,0.0135,0.0531,,,29.4,,,OTHER,False,False,False,,,False
011wwe2c01100001,花园东路与奥体中路路口,南进口直行,4,5,2,0,011wwe2c08w00001,奥体中路与轻风路路口,5,2,evening_peak,0.1675,0.0698,0.2517,,,92.8,0.1402,,OTHER,False,False,False,False,True,True
011wwe2c01100001,花园东路与奥体中路路口,西进口左转,6,7,1,0,011wwe2c08w00001,奥体中路与轻风路路口,5,1,evening_peak,0.8407,0.2175,1.4301,,,77.6,0.0573,,TYPE1_POINT,True,False,False,False,True,True
011wwe2c01100001,花园东路与奥体中路路口,西进口直行,6,7,2,2,011wwe2c05q00001,崇华路与花园东路路口,7,2,evening_peak,1.0834,0.4003,1.0834,,,100.0,0.2446,,TYPE1_POINT,True,False,False,False,True,True
011wwe2c05q00001,崇华路与花园东路路口,东进口左转,2,3,1,4,011wwe29pg700001,沁园路与崇华路路口,1,1,evening_peak,0.1769,0.021,0.2933,,,15.2,0.171,,OTHER,False,False,False,False,True,True
011wwe2c05q00001,崇华路与花园东路路口,东进口直行,2,3,2,6,011wwe2c01100001,花园东路与奥体中路路口,3,2,evening_peak,0.4329,0.0318,0.4329,,,37.2,0.2477,,WEAK_TYPE1,False,False,False,False,True,True
011wwe2c05q00001,崇华路与花园东路路口,南进口左转,4,5,1,6,011wwe2c01100001,花园东路与奥体中路路口,3,1,evening_peak,0.1739,0.0659,0.1739,,,35.2,0.0706,,OTHER,False,False,False,False,True,True
011wwe2c05q00001,崇华路与花园东路路口,西进口直行,6,7,2,2,011wwe2c0k000001,花园东路与轻风路路口,7,2,evening_peak,0.2446,0.0615,0.3866,,,70.6,1.8355,,OTHER,False,False,False,True,False,True
011wwe2c08w00001,奥体中路与轻风路路口,北进口左转,0,1,1,2,011wwe2c0y300001,轻风路与舜华北路路口,7,1,evening_peak,0.0328,0.0044,0.0727,,,11.0,0.0644,,OTHER,False,False,False,False,True,True
011wwe2c08w00001,奥体中路与轻风路路口,北进口直行,0,1,2,4,011wwe2c01100001,花园东路与奥体中路路口,1,2,evening_peak,0.1944,0.0493,0.1944,,,65.2,0.1924,,OTHER,False,False,False,False,True,True
011wwe2c08w00001,奥体中路与轻风路路口,东进口左转,2,3,1,4,011wwe2c01100001,花园东路与奥体中路路口,1,1,evening_peak,0.1015,0.011,0.1784,,,20.6,0.0648,,OTHER,False,False,False,False,True,True
011wwe2c08w00001,奥体中路与轻风路路口,东进口直行,2,3,2,6,011wwe2bbw500001,轻风路与八涧堡东路路口,3,2,evening_peak,0.1409,0.0292,0.1567,,,28.6,0.1243,,OTHER,False,False,False,False,True,True
011wwe2c08w00001,奥体中路与轻风路路口,南进口左转,4,5,1,6,011wwe2bbw500001,轻风路与八涧堡东路路口,3,1,evening_peak,0.0573,0.0088,0.0675,,,22.4,0.0255,,OTHER,False,False,False,False,True,True
011wwe2c08w00001,奥体中路与轻风路路口,南进口直行,4,5,2,0,011wwe2c12800001,中林路与奥体中路路口,5,2,evening_peak,0.1402,0.0558,0.2732,,,54.8,,,OTHER,False,False,False,,,False
011wwe2c08w00001,奥体中路与轻风路路口,西进口左转,6,7,1,0,011wwe2c12800001,中林路与奥体中路路口,5,1,evening_peak,0.074,0.0126,0.0887,,,23.2,,,OTHER,False,False,False,,,False
011wwe2c08w00001,奥体中路与轻风路路口,西进口直行,6,7,2,2,011wwe2c0y300001,轻风路与舜华北路路口,7,2,evening_peak,0.1161,0.0164,0.1199,,,36.4,0.0152,,OTHER,False,False,False,False,True,True
011wwe2c0k000001,花园东路与轻风路路口,东进口直行,2,3,2,6,011wwe2c05q00001,崇华路与花园东路路口,3,2,evening_peak,0.1544,0.0684,0.3832,,,44.8,0.4329,,OTHER,False,False,False,False,True,True
011wwe2c0k000001,花园东路与轻风路路口,西进口直行,6,7,2,2,011wwe2c0qe00001,舜华北路与花园东路路口,7,2,evening_peak,1.8355,0.0573,1.8355,,,168.0,0.1487,,TYPE1_POINT,True,False,False,False,True,True
011wwe2c0qe00001,舜华北路与花园东路路口,北进口左转,0,1,1,2,011wwe2c26700001,花园东路与颖秀路路口,7,1,evening_peak,0.1358,0.0346,0.1977,,,36.0,0.0198,,OTHER,False,False,False,False,True,True
011wwe2c0qe00001,舜华北路与花园东路路口,北进口直行,0,1,2,4,011wwe29pys00001,沁园路与舜华北路路口,1,2,evening_peak,0.1433,0.0538,0.2278,,,38.0,0.1646,,OTHER,False,False,False,False,True,True
011wwe2c0qe00001,舜华北路与花园东路路口,东进口左转,2,3,1,4,011wwe29pys00001,沁园路与舜华北路路口,1,1,evening_peak,0.0206,0.0033,0.1253,,,8.8,0.0599,,OTHER,False,False,False,False,True,True
011wwe2c0qe00001,舜华北路与花园东路路口,东进口直行,2,3,2,6,011wwe2c0k000001,花园东路与轻风路路口,3,2,evening_peak,0.0711,0.0172,0.1085,,,30.4,0.1544,,OTHER,False,False,False,False,True,True
011wwe2c0qe00001,舜华北路与花园东路路口,南进口左转,4,5,1,6,011wwe2c0k000001,花园东路与轻风路路口,3,1,evening_peak,0.0984,0.0241,0.1002,,,27.6,,,OTHER,False,False,False,,,False
011wwe2c0qe00001,舜华北路与花园东路路口,南进口直行,4,5,2,0,011wwe2c0y300001,轻风路与舜华北路路口,5,2,evening_peak,0.3067,0.1052,0.3067,,,86.0,0.3661,,WEAK_TYPE1,False,False,False,False,True,True
011wwe2c0qe00001,舜华北路与花园东路路口,西进口左转,6,7,1,0,011wwe2c0y300001,轻风路与舜华北路路口,5,1,evening_peak,0.1417,0.025,0.1906,,,40.6,0.0423,,OTHER,False,False,False,False,True,True
011wwe2c0qe00001,舜华北路与花园东路路口,西进口直行,6,7,2,2,011wwe2c26700001,花园东路与颖秀路路口,7,2,evening_peak,0.1487,0.0325,0.1833,,,42.6,0.1207,,OTHER,False,False,False,False,True,True
011wwe2c0y300001,轻风路与舜华北路路口,北进口左转,0,1,1,2,011wwe2c2cg00001,轻风路与颖秀路路口,7,1,evening_peak,0.029,0.0006,0.4165,,,8.8,0.0959,,OTHER,False,False,False,False,True,True
011wwe2c0y300001,轻风路与舜华北路路口,北进口直行,0,1,2,4,011wwe2c0qe00001,舜华北路与花园东路路口,1,2,evening_peak,0.0949,0.0151,0.1443,,,28.8,0.1433,,OTHER,False,False,False,False,True,True
011wwe2c0y300001,轻风路与舜华北路路口,东进口左转,2,3,1,4,011wwe2c0qe00001,舜华北路与花园东路路口,1,1,evening_peak,0.0419,0.0024,0.0478,,,17.2,0.1358,,OTHER,False,False,False,False,True,True
011wwe2c0y300001,轻风路与舜华北路路口,南进口直行,4,5,2,0,011wwe2c1mc00001,中林路与舜华北路路口,5,2,evening_peak,0.3661,0.0601,0.3661,,,97.0,,,OTHER,False,False,False,,,False
011wwe2c0y300001,轻风路与舜华北路路口,西进口左转,6,7,1,0,011wwe2c1mc00001,中林路与舜华北路路口,5,1,evening_peak,0.0644,0.0016,0.0644,,,42.4,,,OTHER,False,False,False,,,False
011wwe2c0y300001,轻风路与舜华北路路口,西进口直行,6,7,2,2,011wwe2c2cg00001,轻风路与颖秀路路口,7,2,evening_peak,0.0152,0.0022,0.0914,,,10.0,0.0132,,OTHER,False,False,False,False,True,True
011wwe2c1b800001,奥体中路与杨柳路路口,南进口左转,4,5,1,6,011wwe2bctz00001,杨柳路与八涧堡东路路口,3,1,evening_peak,0.0893,0.0069,0.0893,,,25.2,0.0661,,OTHER,False,False,False,False,True,True
011wwe2c1b800001,奥体中路与杨柳路路口,南进口直行,4,5,2,0,011wwe2c40v00001,八涧堡北路与黄台南路路口,5,2,evening_peak,0.1688,0.0538,0.1851,,,47.6,,,OTHER,False,False,False,,,False
011wwe2c1b800001,奥体中路与杨柳路路口,西进口左转,6,7,1,0,011wwe2c40v00001,八涧堡北路与黄台南路路口,5,1,evening_peak,0.0699,0.006,0.2246,,,21.8,,,OTHER,False,False,False,,,False
011wwe2c1vb00001,无名道路与舜华北路路口,北进口直行,0,1,2,4,011wwe2c1mc00001,中林路与舜华北路路口,1,2,evening_peak,0.0743,0.0042,0.088,,,16.2,,,OTHER,False,False,False,,,False
011wwe2c1vb00001,无名道路与舜华北路路口,南进口直行,4,5,2,0,011wwe2c4jt00001,黄台南路与舜华北路路口,5,2,evening_peak,0.0365,0.002,0.1016,,,10.2,,,OTHER,False,False,False,,,False
011wwe2c26700001,花园东路与颖秀路路口,北进口左转,0,1,1,2,011wwe2c2ke00001,开拓路与花园东路路口,7,1,evening_peak,0.0479,0.0086,0.2418,,,13.8,,,OTHER,False,False,False,,,False
011wwe2c26700001,花园东路与颖秀路路口,北进口直行,0,1,2,4,011wwe29rfs00001,沁园路与颖秀路路口,1,2,evening_peak,0.116,0.0323,0.1737,,,33.4,0.145,,OTHER,False,False,False,False,True,True
011wwe2c26700001,花园东路与颖秀路路口,东进口左转,2,3,1,4,011wwe29rfs00001,沁园路与颖秀路路口,1,1,evening_peak,0.0816,0.0112,0.0962,,,24.0,0.0534,,OTHER,False,False,False,False,True,True
011wwe2c26700001,花园东路与颖秀路路口,东进口直行,2,3,2,6,011wwe2c0qe00001,舜华北路与花园东路路口,3,2,evening_peak,0.2162,0.1117,0.2162,,,63.6,0.0711,,OTHER,False,False,False,False,True,True
011wwe2c26700001,花园东路与颖秀路路口,南进口左转,4,5,1,6,011wwe2c0qe00001,舜华北路与花园东路路口,3,1,evening_peak,0.068,0.0176,0.0967,,,17.8,0.0206,,OTHER,False,False,False,False,True,True
011wwe2c26700001,花园东路与颖秀路路口,南进口直行,4,5,2,0,011wwe2c2cg00001,轻风路与颖秀路路口,5,2,evening_peak,0.2316,0.0828,0.2316,,,60.6,0.1979,,OTHER,False,False,False,False,True,True
011wwe2c26700001,花园东路与颖秀路路口,西进口左转,6,7,1,0,011wwe2c2cg00001,轻风路与颖秀路路口,5,1,evening_peak,0.0198,0.0024,0.034,,,8.5,0.0561,,OTHER,False,False,False,False,True,True
011wwe2c26700001,花园东路与颖秀路路口,西进口直行,6,7,2,2,011wwe2c2ke00001,开拓路与花园东路路口,7,2,evening_peak,0.1207,0.0652,0.316,,,51.8,0.0482,,OTHER,False,False,False,False,True,True
011wwe2c2cg00001,轻风路与颖秀路路口,北进口左转,0,1,1,2,011wwe2c2u700001,轻风路与炎黄路路口,7,1,evening_peak,0.0192,0.0004,0.0368,,,4.8,0.0416,,OTHER,False,False,False,False,True,True
011wwe2c2cg00001,轻风路与颖秀路路口,北进口直行,0,1,2,4,011wwe2c26700001,花园东路与颖秀路路口,1,2,evening_peak,0.0641,0.0135,0.2515,,,16.0,0.116,,OTHER,False,False,False,False,True,True
011wwe2c2cg00001,轻风路与颖秀路路口,东进口左转,2,3,1,4,011wwe2c26700001,花园东路与颖秀路路口,1,1,evening_peak,0.1178,0.003,0.1178,,,34.0,0.0479,,OTHER,False,False,False,False,True,True
011wwe2c2cg00001,轻风路与颖秀路路口,东进口直行,2,3,2,6,011wwe2c0y300001,轻风路与舜华北路路口,3,2,evening_peak,0.0416,0.0031,0.1573,,,12.0,0.2802,,OTHER,False,False,False,False,True,True
011wwe2c2cg00001,轻风路与颖秀路路口,南进口左转,4,5,1,6,011wwe2c0y300001,轻风路与舜华北路路口,3,1,evening_peak,0.0561,0.0056,0.4373,,,16.2,0.0419,,OTHER,False,False,False,False,True,True
011wwe2c2cg00001,轻风路与颖秀路路口,南进口直行,4,5,2,0,011wwe2c33900001,中林路与颖秀路路口,5,2,evening_peak,0.1979,0.0248,0.1979,,,57.2,0.0136,,OTHER,False,False,False,False,True,True
011wwe2c2cg00001,轻风路与颖秀路路口,西进口左转,6,7,1,0,011wwe2c33900001,中林路与颖秀路路口,5,1,evening_peak,0.0959,0.0014,0.5489,,,39.2,0.1597,,OTHER,False,False,False,False,True,True
011wwe2c2cg00001,轻风路与颖秀路路口,西进口直行,6,7,2,2,011wwe2c2u700001,轻风路与炎黄路路口,7,2,evening_peak,0.0132,0.0004,0.0509,,,5.4,0.0623,,OTHER,False,False,False,False,True,True
011wwe2c2ke00001,开拓路与花园东路路口,西进口直行,6,7,2,2,011wwe2c2rm00001,开拓路与花园东路路口,7,2,evening_peak,0.0482,0.0028,0.1395,,,13.6,0.0584,,OTHER,False,False,False,False,True,True
011wwe2c2ks00001,开拓路与花园东路路口,东进口直行,2,3,2,6,011wwe2c26700001,花园东路与颖秀路路口,3,2,evening_peak,0.0745,0.0041,0.19,,,23.2,0.2162,,OTHER,False,False,False,False,True,True
011wwe2c2rm00001,开拓路与花园东路路口,北进口左转,0,1,1,2,011wwe2c86q00001,花园东路与宏宇路路口,7,1,evening_peak,0.0536,0.0049,0.0643,,,14.0,0.0617,,OTHER,False,False,False,False,True,True
011wwe2c2rm00001,开拓路与花园东路路口,北进口直行,0,1,2,4,011wwe29rzm00001,开拓路与沁园路路口,1,2,evening_peak,0.121,0.0392,0.2826,,,31.6,0.8768,,OTHER,False,False,False,True,False,True
011wwe2c2rm00001,开拓路与花园东路路口,东进口左转,2,3,1,4,011wwe29rzm00001,开拓路与沁园路路口,1,1,evening_peak,0.0278,0.0035,0.221,,,10.5,0.0029,,OTHER,False,False,False,False,True,True
011wwe2c2rm00001,开拓路与花园东路路口,东进口直行,2,3,2,6,011wwe2c2ks00001,开拓路与花园东路路口,3,2,evening_peak,0.1274,0.018,0.3515,,,48.2,0.0745,,OTHER,False,False,False,False,True,True
011wwe2c2rm00001,开拓路与花园东路路口,南进口左转,4,5,1,6,011wwe2c2ks00001,开拓路与花园东路路口,3,1,evening_peak,0.2954,0.073,0.2954,,,81.6,,,OTHER,False,False,False,,,False
011wwe2c2rm00001,开拓路与花园东路路口,南进口直行,4,5,2,0,011wwe2c2ye00001,轻风路与开源路路口,5,2,evening_peak,0.1817,0.0518,0.1817,,,50.2,,,OTHER,False,False,False,,,False
011wwe2c2rm00001,开拓路与花园东路路口,西进口左转,6,7,1,0,011wwe2c2ye00001,轻风路与开源路路口,5,1,evening_peak,0.0618,0.0093,0.0745,,,19.9,,,OTHER,False,False,False,,,False
011wwe2c2rm00001,开拓路与花园东路路口,西进口直行,6,7,2,2,011wwe2c86q00001,花园东路与宏宇路路口,7,2,evening_peak,0.0584,0.011,0.0702,,,18.8,0.144,,OTHER,False,False,False,False,True,True
011wwe2c2u700001,轻风路与炎黄路路口,东进口直行,2,3,2,6,011wwe2c2cg00001,轻风路与颖秀路路口,3,2,evening_peak,0.0496,0.0027,0.0625,,,13.0,0.0416,,OTHER,False,False,False,False,True,True
011wwe2c2u700001,轻风路与炎黄路路口,西进口直行,6,7,2,2,011wwe2c2ye00001,轻风路与开源路路口,7,2,evening_peak,0.0623,0.0025,0.0776,,,18.0,0.0213,,OTHER,False,False,False,False,True,True
011wwe2c2ye00001,轻风路与开源路路口,东进口左转,2,3,1,4,011wwe2c2rm00001,开拓路与花园东路路口,1,1,evening_peak,0.1051,0.013,0.1671,,,13.2,0.0536,,OTHER,False,False,False,False,True,True
011wwe2c2ye00001,轻风路与开源路路口,东进口直行,2,3,2,6,011wwe2c2u700001,轻风路与炎黄路路口,3,2,evening_peak,0.1448,0.0029,0.1448,,,18.2,0.0496,,OTHER,False,False,False,False,True,True
011wwe2c2ye00001,轻风路与开源路路口,西进口直行,6,7,2,2,011wwe2c2zg00001,轻风路与天香路路口,7,2,evening_peak,0.0213,0.0013,0.0404,,,5.6,,,OTHER,False,False,False,,,False
011wwe2c33900001,中林路与颖秀路路口,东进口左转,2,3,1,4,011wwe2c2cg00001,轻风路与颖秀路路口,1,1,evening_peak,0.0953,0.0041,0.0953,,,23.8,0.0192,,OTHER,False,False,False,False,True,True
011wwe2c37c00001,中林路与中林路路口,东进口直行,2,3,2,6,011wwe2c33900001,中林路与颖秀路路口,3,2,evening_peak,0.1534,0.0507,0.3117,,,37.8,0.0833,,OTHER,False,False,False,False,True,True
011wwe2c37c00001,中林路与中林路路口,西进口直行,6,7,2,2,011wwe2c3mc00001,中林路与开源路路口,7,2,evening_peak,0.0699,0.0073,1.1617,,,17.4,0.078,,OTHER,False,False,False,False,True,True
011wwe2c3mc00001,中林路与开源路路口,东进口直行,2,3,2,6,011wwe2c37c00001,中林路与中林路路口,3,2,evening_peak,0.1216,0.0179,0.2325,,,25.0,0.1534,,OTHER,False,False,False,False,True,True
011wwe2c3mc00001,中林路与开源路路口,西进口直行,6,7,2,2,011wwe2c3r900001,中林路与天香路路口,7,2,evening_peak,0.078,0.0104,0.3482,,,19.0,,,OTHER,False,False,False,,,False
011wwe2c86q00001,花园东路与宏宇路路口,北进口左转,0,1,1,2,011wwe2c8mn00001,花园东路与金达路路口,7,1,evening_peak,0.1302,0.0164,0.1302,,,32.8,0.0632,,OTHER,False,False,False,False,True,True
011wwe2c86q00001,花园东路与宏宇路路口,东进口直行,2,3,2,6,011wwe2c2rm00001,开拓路与花园东路路口,3,2,evening_peak,0.1318,0.0139,0.1369,,,41.4,0.1274,,OTHER,False,False,False,False,True,True
011wwe2c86q00001,花园东路与宏宇路路口,南进口左转,4,5,1,6,011wwe2c2rm00001,开拓路与花园东路路口,3,1,evening_peak,0.0295,0.0018,0.033,,,6.8,0.0278,,OTHER,False,False,False,False,True,True
011wwe2c86q00001,花园东路与宏宇路路口,西进口直行,6,7,2,2,011wwe2c8mn00001,花园东路与金达路路口,7,2,evening_peak,0.144,0.0444,0.2401,,,54.8,0.133,,OTHER,False,False,False,False,True,True
011wwe2c8f700001,轻风路与宏宇路路口,东进口左转,2,3,1,4,011wwe2c86q00001,花园东路与宏宇路路口,1,1,evening_peak,0.0685,0.0024,0.1915,,,19.6,0.1302,,OTHER,False,False,False,False,True,True
011wwe2c8f700001,轻风路与宏宇路路口,东进口直行,2,3,2,6,011wwe2c2zg00001,轻风路与天香路路口,3,2,evening_peak,0.044,0.0012,0.0622,,,12.6,,,OTHER,False,False,False,,,False
011wwe2c8f700001,轻风路与宏宇路路口,南进口左转,4,5,1,6,011wwe2c2zg00001,轻风路与天香路路口,3,1,evening_peak,0.134,0.0036,0.1746,,,15.2,,,OTHER,False,False,False,,,False
011wwe2c8f700001,轻风路与宏宇路路口,西进口直行,6,7,2,2,011wwe2c8ue00001,轻风路与金达路路口,7,2,evening_peak,0.0476,0.0023,0.1917,,,14.6,0.0622,,OTHER,False,False,False,False,True,True
011wwe2c8mn00001,花园东路与金达路路口,北进口左转,0,1,1,2,011wwe2cb2p00001,凤凰路与花园东路路口,7,1,evening_peak,0.052,0.0055,0.0876,,,13.4,,,OTHER,False,False,False,,,False
011wwe2c8mn00001,花园东路与金达路路口,北进口直行,0,1,2,4,011wwe2c8j100001,岔口,1,2,evening_peak,0.1171,0.0162,0.1699,,,30.2,,,OTHER,False,False,False,,,False
011wwe2c8mn00001,花园东路与金达路路口,东进口左转,2,3,1,4,011wwe2c8j100001,岔口,1,1,evening_peak,0.0378,0.0046,0.167,,,12.5,,,OTHER,False,False,False,,,False
011wwe2c8mn00001,花园东路与金达路路口,东进口直行,2,3,2,6,011wwe2c86q00001,花园东路与宏宇路路口,3,2,evening_peak,0.1616,0.043,0.1616,,,53.4,0.1318,,OTHER,False,False,False,False,True,True
011wwe2c8mn00001,花园东路与金达路路口,南进口左转,4,5,1,6,011wwe2c86q00001,花园东路与宏宇路路口,3,1,evening_peak,0.1571,0.043,0.1571,,,37.6,0.0178,,OTHER,False,False,False,False,True,True
011wwe2c8mn00001,花园东路与金达路路口,南进口直行,4,5,2,0,011wwe2c8ue00001,轻风路与金达路路口,5,2,evening_peak,0.1388,0.0202,0.341,,,33.2,0.141,,OTHER,False,False,False,False,True,True
011wwe2c8mn00001,花园东路与金达路路口,西进口左转,6,7,1,0,011wwe2c8ue00001,轻风路与金达路路口,5,1,evening_peak,0.0632,0.0098,0.0878,,,20.0,0.0449,,OTHER,False,False,False,False,True,True
011wwe2c8mn00001,花园东路与金达路路口,西进口直行,6,7,2,2,011wwe2cb2p00001,凤凰路与花园东路路口,7,2,evening_peak,0.133,0.0426,0.1333,,,42.1,,,OTHER,False,False,False,,,False
011wwe2c8ue00001,轻风路与金达路路口,北进口直行,0,1,2,4,011wwe2c8mn00001,花园东路与金达路路口,1,2,evening_peak,0.1507,0.0248,0.331,,,42.8,0.1171,,OTHER,False,False,False,False,True,True
011wwe2c8ue00001,轻风路与金达路路口,南进口左转,4,5,1,6,011wwe2c8f700001,轻风路与宏宇路路口,3,1,evening_peak,0.0449,0.0029,0.0992,,,11.6,0.0685,,OTHER,False,False,False,False,True,True
011wwe2c93900001,中林路与宏宇路路口,北进口左转,0,1,1,2,011wwe2c9k600001,中林路与金达路路口,7,1,evening_peak,0.0663,0.0056,0.1631,,,22.2,0.0254,,OTHER,False,False,False,False,True,True
011wwe2c93900001,中林路与宏宇路路口,北进口直行,0,1,2,4,011wwe2c8f700001,轻风路与宏宇路路口,1,2,evening_peak,0.1183,0.0297,0.1206,,,39.6,,,OTHER,False,False,False,,,False
011wwe2c93900001,中林路与宏宇路路口,东进口左转,2,3,1,4,011wwe2c8f700001,轻风路与宏宇路路口,1,1,evening_peak,0.0263,0.0011,0.0311,,,8.8,,,OTHER,False,False,False,,,False
011wwe2c93900001,中林路与宏宇路路口,东进口直行,2,3,2,6,011wwe2c3r900001,中林路与天香路路口,3,2,evening_peak,0.094,0.0252,0.1048,,,31.4,,,OTHER,False,False,False,,,False
011wwe2c93900001,中林路与宏宇路路口,西进口直行,6,7,2,2,011wwe2c9k600001,中林路与金达路路口,7,2,evening_peak,0.2157,0.0276,0.2231,,,51.8,0.0568,,OTHER,False,False,False,False,True,True
011wwe2c9c600001,杨柳路与宏宇路路口,北进口直行,0,1,2,4,011wwe2c93900001,中林路与宏宇路路口,1,2,evening_peak,0.0459,0.0028,0.0459,,,14.4,0.1183,,OTHER,False,False,False,False,True,True
011wwe2c9c600001,杨柳路与宏宇路路口,南进口左转,4,5,1,6,011wwe2c3zd00001,杨柳路与天香路路口,3,1,evening_peak,0.0,0.0,0.0,,,,,,OTHER,False,False,False,,,False
011wwe2c9c600001,杨柳路与宏宇路路口,南进口直行,4,5,2,0,011wwe2cd2u00001,黄台南路与宏宇路路口,5,2,evening_peak,0.0283,0.0014,0.1099,,,5.0,,,OTHER,False,False,False,,,False
011wwe2c9c600001,杨柳路与宏宇路路口,西进口左转,6,7,1,0,011wwe2cd2u00001,黄台南路与宏宇路路口,5,1,evening_peak,0.1164,0.0046,0.1164,,,26.6,,,OTHER,False,False,False,,,False
011wwe2c9c600001,杨柳路与宏宇路路口,西进口直行,6,7,2,2,011wwe2c9uk00001,杨柳路与金达路路口,7,2,evening_peak,0.0,0.0,0.0,,,,0.0083,,OTHER,False,False,False,False,True,True
011wwe2c9k600001,中林路与金达路路口,北进口左转,0,1,1,2,011wwe2c9qh00001,中林路与凤仪路路口,7,1,evening_peak,0.0328,0.0016,0.059,,,11.0,0.0281,,OTHER,False,False,False,False,True,True
011wwe2c9k600001,中林路与金达路路口,北进口直行,0,1,2,4,011wwe2c8ue00001,轻风路与金达路路口,1,2,evening_peak,0.0911,0.0043,0.0911,,,30.6,0.1507,,OTHER,False,False,False,False,True,True
011wwe2c9k600001,中林路与金达路路口,东进口左转,2,3,1,4,011wwe2c8ue00001,轻风路与金达路路口,1,1,evening_peak,0.0654,0.0121,0.1335,,,14.7,0.031,,OTHER,False,False,False,False,True,True
011wwe2c9k600001,中林路与金达路路口,东进口直行,2,3,2,6,011wwe2c93900001,中林路与宏宇路路口,3,2,evening_peak,0.097,0.0112,0.1326,,,21.8,0.094,,OTHER,False,False,False,False,True,True
011wwe2c9k600001,中林路与金达路路口,南进口左转,4,5,1,6,011wwe2c93900001,中林路与宏宇路路口,3,1,evening_peak,0.6906,0.0186,0.6906,,,106.4,0.0263,,WEAK_TYPE1,False,False,False,False,True,True
011wwe2c9k600001,中林路与金达路路口,南进口直行,4,5,2,0,011wwe2c9uk00001,杨柳路与金达路路口,5,2,evening_peak,0.161,0.014,0.2843,,,24.8,,,OTHER,False,False,False,,,False
011wwe2c9k600001,中林路与金达路路口,西进口左转,6,7,1,0,011wwe2c9uk00001,杨柳路与金达路路口,5,1,evening_peak,0.0254,0.0014,0.0532,,,8.4,0.0151,,OTHER,False,False,False,False,True,True
011wwe2c9k600001,中林路与金达路路口,西进口直行,6,7,2,2,011wwe2c9qh00001,中林路与凤仪路路口,7,2,evening_peak,0.0568,0.0043,0.3039,,,18.8,0.1861,,OTHER,False,False,False,False,True,True
011wwe2c9qh00001,中林路与凤仪路路口,东进口直行,2,3,2,6,011wwe2c9k600001,中林路与金达路路口,3,2,evening_peak,0.1015,0.0199,0.2795,,,18.3,0.097,,OTHER,False,False,False,False,True,True
011wwe2c9qh00001,中林路与凤仪路路口,西进口直行,6,7,2,2,011wwe2c9rv00001,中林路与凤凰路路口,7,2,evening_peak,0.1861,0.0159,0.7901,,,42.4,,,OTHER,False,False,False,,,False
011wwe2c9uk00001,杨柳路与金达路路口,南进口左转,4,5,1,6,011wwe2c9c600001,杨柳路与宏宇路路口,3,1,evening_peak,0.0151,0.0001,0.0404,,,5.0,,,OTHER,False,False,False,,,False
011wwe2cbk500001,刘智远路与工业南路路口,西南进口直行,5,6,2,1,011wwe2cbtt00001,工业南路与烈士山东路路口,6,2,evening_peak,0.1192,0.0258,0.229,,,63.6,0.058,,OTHER,False,False,False,False,True,True
011wwe2cbtt00001,工业南路与烈士山东路路口,东北进口直行,1,2,2,5,011wwe2cbk500001,刘智远路与工业南路路口,2,2,evening_peak,0.3858,0.0732,0.6087,,,66.8,0.267,,WEAK_TYPE1,False,False,False,False,True,True
011wwe2cbtt00001,工业南路与烈士山东路路口,西南进口直行,5,6,2,1,011wwe2f12700001,工业南路与炼化路路口,6,2,evening_peak,0.058,0.0096,0.1739,,,14.0,,,OTHER,False,False,False,,,False
011wwe2d51d00001,凤山路与经十路路口,北进口左转,0,1,1,2,011wwe2d7kk00001,凤岐路与经十路路口,7,1,evening_peak,0.0868,0.024,0.1276,,,36.4,0.023,,OTHER,False,False,False,False,True,True
011wwe2d51d00001,凤山路与经十路路口,东进口直行,2,3,2,6,011wwe29fe300001,凤凰路与经十路路口,3,2,evening_peak,0.0369,0.0119,0.1313,,,49.0,,,OTHER,False,False,False,,,False
011wwe2d51d00001,凤山路与经十路路口,西进口左转,6,7,1,0,011wwe2d5cd00001,凤山南路与凤山路路口,5,1,evening_peak,0.043,0.0125,0.1214,,,35.0,0.0588,,OTHER,False,False,False,False,True,True
011wwe2d51d00001,凤山路与经十路路口,西进口直行,6,7,2,2,011wwe2d7kk00001,凤岐路与经十路路口,7,2,evening_peak,0.0659,0.0185,0.0871,,,53.6,0.054,,OTHER,False,False,False,False,True,True
011wwe2d5cd00001,凤山南路与凤山路路口,北进口直行,0,1,2,4,011wwe2d51d00001,凤山路与经十路路口,1,2,evening_peak,0.0692,0.0211,0.321,,,24.4,,,OTHER,False,False,False,,,False
011wwe2d5cd00001,凤山南路与凤山路路口,南进口左转,4,5,1,6,011wwe29gz200001,凤山南路与凤山西路路口,3,1,evening_peak,0.0588,0.008,0.0588,,,25.0,0.0131,,OTHER,False,False,False,False,True,True
011wwe2d5cd00001,凤山南路与凤山路路口,南进口直行,4,5,2,0,011wwe2dh3m00001,兴港路与凤山路路口,5,2,evening_peak,0.1618,0.0587,0.1618,,,68.8,0.1899,,OTHER,False,False,False,False,True,True
011wwe2d5cd00001,凤山南路与凤山路路口,西进口左转,6,7,1,0,011wwe2dh3m00001,兴港路与凤山路路口,5,1,evening_peak,0.1403,0.0295,0.2015,,,37.2,0.0961,,OTHER,False,False,False,False,True,True
011wwe2d7kk00001,凤岐路与经十路路口,东进口直行,2,3,2,6,011wwe2d51d00001,凤山路与经十路路口,3,2,evening_peak,0.0962,0.0341,0.1568,,,37.6,0.0369,,OTHER,False,False,False,False,True,True
011wwe2d7kk00001,凤岐路与经十路路口,西进口直行,6,7,2,2,011wwe2d7rt00001,经十路与雪山路路口,7,2,evening_peak,0.054,0.0095,0.054,,,71.1,,,OTHER,False,False,False,,,False
011wwe2dh3m00001,兴港路与凤山路路口,北进口左转,0,1,1,2,011wwe2dhmp00001,兴港路与兴发路路口,7,1,evening_peak,0.1866,0.0189,0.2125,,,83.0,0.1033,,OTHER,False,False,False,False,True,True
011wwe2dh3m00001,兴港路与凤山路路口,北进口直行,0,1,2,4,011wwe2d5cd00001,凤山南路与凤山路路口,1,2,evening_peak,0.2869,0.0493,0.2869,,,127.6,0.0692,,OTHER,False,False,False,False,True,True
011wwe2dh3m00001,兴港路与凤山路路口,东进口左转,2,3,1,4,011wwe2d5cd00001,凤山南路与凤山路路口,1,1,evening_peak,0.0812,0.0229,0.0953,,,36.1,0.0233,,OTHER,False,False,False,False,True,True
011wwe2dh3m00001,兴港路与凤山路路口,东进口直行,2,3,2,6,011wwe29ux000001,长岭山南路与凤山西路路口,3,2,evening_peak,0.1169,0.0437,0.5931,,,52.0,0.1801,,OTHER,False,False,False,False,True,True
011wwe2dh3m00001,兴港路与凤山路路口,南进口左转,4,5,1,6,011wwe29ux000001,长岭山南路与凤山西路路口,3,1,evening_peak,0.0961,0.034,0.1047,,,34.5,0.0286,,OTHER,False,False,False,False,True,True
011wwe2dh3m00001,兴港路与凤山路路口,南进口直行,4,5,2,0,011wwe2dj1k00001,长岭山路与凤山路路口,5,2,evening_peak,0.1899,0.0993,0.538,,,68.2,0.0907,,OTHER,False,False,False,False,True,True
011wwe2dh3m00001,兴港路与凤山路路口,西进口左转,6,7,1,0,011wwe2dj1k00001,长岭山路与凤山路路口,5,1,evening_peak,0.1125,0.0185,0.1125,,,33.4,0.0168,,OTHER,False,False,False,False,True,True
011wwe2dh3m00001,兴港路与凤山路路口,西进口直行,6,7,2,2,011wwe2dhmp00001,兴港路与兴发路路口,7,2,evening_peak,0.2008,0.0573,0.2008,,,59.6,0.4154,,OTHER,False,False,False,False,True,True
011wwe2dhmp00001,兴港路与兴发路路口,北进口左转,0,1,1,2,011wwe2dhx300001,兴港路与兴港路路口,7,1,evening_peak,0.1047,0.0042,0.1047,,,31.8,0.0685,,OTHER,False,False,False,False,True,True
011wwe2dhmp00001,兴港路与兴发路路口,东进口直行,2,3,2,6,011wwe2dh3m00001,兴港路与凤山路路口,3,2,evening_peak,0.4248,0.0563,0.4248,,,113.4,0.1169,,WEAK_TYPE1,False,False,False,False,True,True
011wwe2dhmp00001,兴港路与兴发路路口,南进口左转,4,5,1,6,011wwe2dh3m00001,兴港路与凤山路路口,3,1,evening_peak,0.4825,0.039,1.1502,,,50.0,0.0812,,WEAK_TYPE1,False,False,False,False,True,True
011wwe2dhmp00001,兴港路与兴发路路口,西进口直行,6,7,2,2,011wwe2dhx300001,兴港路与兴港路路口,7,2,evening_peak,0.4154,0.0368,0.4154,,,184.6,0.5456,,WEAK_TYPE1,False,False,False,False,True,True
011wwe2dhx300001,兴港路与兴港路路口,东进口直行,2,3,2,6,011wwe2dhmp00001,兴港路与兴发路路口,3,2,evening_peak,0.0847,0.0176,0.1651,,,27.4,0.4248,,OTHER,False,False,False,False,True,True
011wwe2dhx300001,兴港路与兴港路路口,西进口直行,6,7,2,2,011wwe2dk9g00001,兴港路与兴港路路口,7,2,evening_peak,0.5456,0.0249,0.5456,,,143.4,,,OTHER,False,False,False,,,False
011wwe2dj1k00001,长岭山路与凤山路路口,北进口直行,0,1,2,4,011wwe2dh3m00001,兴港路与凤山路路口,1,2,evening_peak,0.1223,0.0284,0.2228,,,33.8,0.2869,,OTHER,False,False,False,False,True,True
011wwe2dj1k00001,长岭山路与凤山路路口,南进口左转,4,5,1,6,011wwe29vnt00001,长岭山路与凤山西路路口,3,1,evening_peak,0.0168,0.0016,0.1037,,,7.5,0.0202,,OTHER,False,False,False,False,True,True
011wwe2dj1k00001,长岭山路与凤山路路口,南进口直行,4,5,2,0,011wwe2dj9500001,凤山路与凤山路路口,5,2,evening_peak,0.0907,0.0269,0.2507,,,40.6,0.1506,,OTHER,False,False,False,False,True,True
011wwe2dj1k00001,长岭山路与凤山路路口,西进口左转,6,7,1,0,011wwe2dj9500001,凤山路与凤山路路口,5,1,evening_peak,0.0558,0.0062,0.3504,,,17.2,0.0378,,OTHER,False,False,False,False,True,True
011wwe2dj9500001,凤山路与凤山路路口,北进口直行,0,1,2,4,011wwe2dj1k00001,长岭山路与凤山路路口,1,2,evening_peak,0.6534,0.029,0.6534,,,130.2,0.1223,,WEAK_TYPE1,False,False,False,False,True,True
011wwe2dj9500001,凤山路与凤山路路口,南进口直行,4,5,2,0,011wwe2djbz00001,凤山北路与凤山路路口,5,2,evening_peak,0.1506,0.0021,0.2805,,,42.2,0.252,,OTHER,False,False,False,False,True,True
011wwe2djbz00001,凤山北路与凤山路路口,北进口直行,0,1,2,4,011wwe2dj9500001,凤山路与凤山路路口,1,2,evening_peak,0.1121,0.0257,0.3105,,,23.4,0.6534,,OTHER,False,False,False,False,True,True
011wwe2djbz00001,凤山北路与凤山路路口,南进口左转,4,5,1,6,011wwe29vyw00001,凤山北路与凤山西路路口,3,1,evening_peak,0.0341,0.0021,0.0683,,,6.8,0.0273,,OTHER,False,False,False,False,True,True
011wwe2djbz00001,凤山北路与凤山路路口,南进口直行,4,5,2,0,011wwe2dn2e00001,凤山路与凤山路路口,5,2,evening_peak,0.252,0.043,0.6055,,,50.2,,,OTHER,False,False,False,,,False
011wwe2djbz00001,凤山北路与凤山路路口,西进口左转,6,7,1,0,011wwe2dn2e00001,凤山路与凤山路路口,5,1,evening_peak,0.2516,0.0837,0.2516,,,68.8,,,OTHER,False,False,False,,,False
011wwe2dnbv00001,世纪大道与炼化路路口,北进口左转,0,1,1,2,011wwe2dquv00001,世纪大道与凤岐路路口,7,1,evening_peak,0.0551,0.005,0.1108,,,48.6,,,OTHER,False,False,False,,,False
011wwe2dnbv00001,世纪大道与炼化路路口,北进口直行,0,1,2,4,011wwe2dn2e00001,凤山路与凤山路路口,1,2,evening_peak,0.2092,0.0285,0.2092,,,184.6,,,OTHER,False,False,False,,,False
011wwe2dnbv00001,世纪大道与炼化路路口,东进口左转,2,3,1,4,011wwe2dn2e00001,凤山路与凤山路路口,1,1,evening_peak,0.0299,0.0112,0.0423,,,43.3,,,OTHER,False,False,False,,,False
011wwe2dnbv00001,世纪大道与炼化路路口,东进口直行,2,3,2,6,011wwe29zh400001,世纪大道与刘智远路路口,3,2,evening_peak,0.0396,0.0202,0.08,,,57.4,0.3398,,OTHER,False,False,False,False,True,True
011wwe2dnbv00001,世纪大道与炼化路路口,南进口左转,4,5,1,6,011wwe29zh400001,世纪大道与刘智远路路口,3,1,evening_peak,0.0755,0.0176,0.0761,,,26.5,0.0168,,OTHER,False,False,False,False,True,True
011wwe2dnbv00001,世纪大道与炼化路路口,西进口直行,6,7,2,2,011wwe2dquv00001,世纪大道与凤岐路路口,7,2,evening_peak,0.0729,0.0369,0.1432,,,42.1,,,OTHER,False,False,False,,,False
